:020000040800F2
:10200000C02F0020852100088B480008712D000892
:1020100089480008472A00081D6F000800000000DA
:102020000000000000000000000000001B4E00083F
:10203000492A000800000000194E00081D4E000843
:102040009F2100089F2100089F2100089F21000870
:102050009F2100089F2100089F2100089F21000860
:102060009F2100089F2100089F2100089F21000850
:102070009F2100089F2100089F2100089F21000840
:102080009F2100089F2100089F2100089F21000830
:102090009F2100089F2100089F2100089F21000820
:1020A000816300089F2100089F2100089F210008EC
:1020B0009F2100089F2100089F2100089F21000800
:1020C0009F2100089F2100089F2100089F210008F0
:1020D0009F210008BD6E00089F2100089F21000875
:1020E0009F2100089F2100089F2100080000000098
:1020F00000000000000000000000000000000000E0
:10210000000000009F210008B163000800000000EB
:102110009F2100089F21000800000000000000002F
:102120009F2100089F2100089F2100089F2100088F
:10213000000000000000000000000000000000009F
:102140000000000000000000000000009F210008C7
:1021500000000000000000009F2100089F210008EF
:102160000000000000000000000000009F210008A7
:10217000DFF80CD000F0A0F90048004725890008DE
:10218000C02F00200648804706480047FEE7FEE7CC
:10219000FEE7FEE7FEE7FEE7FEE7FEE7FEE7FEE717
:1021A0000D630008712100082DE9FE4F804681EA89
:1021B0000300C00F0C46009021F0004123F00045C1
:1021C000B8EB0200A94105D24046214690461C4684
:1021D0000B46024623F00040104347D0270DC7F3BB
:1021E0000A00C3F30A510290401A019040286BDAAA
:1021F000C3F3130040F4801B0098924620B10023E3
:10220000D2EB030A63EB0B0B01985946C0F1400275
:10221000504600F069F906460D4650465946019A67
:1022200000F081F910EB08006141002487EA1152A7
:1022300084EAE7731A4340D0009A62B3019A012AF4
:102240004FEA075215DC001B61EB02014FF0004220
:1022500002EA0752CDE90042001C41F580113246E6
:102260002B4600F081F903B0BDE8F08F40462146CF
:10227000F9E7001B61EB0201001C41F58013001817
:102280005B412018A2F5001747EB030140EAD57027
:10229000B6196D4111E06D084FEA360645EAC07582
:1022A0004FEA0752001B61EB0201001C41F580114F
:1022B00049084FEA30000019514132462B4603B01D
:1022C000BDE8F04F00F041B9009801224000002322
:1022D000D0EB020263EBE073009821464FEAE07412
:1022E000B8EB000061EB0401E9E783F000435BE732
:1022F00081F0004158E72DE9FE4F81EA030404F024
:10230000004421F0004100944FF0000B23F0004303
:1023100050EA01045ED052EA03045BD0C3F30A54CE
:10232000C1F30A552C44A4F2F3340194A0FB0254E7
:10233000C1F3130141F48011C3F3130343F4801379
:1023400001FB024400FB034E840A970A44EA8154CD
:1023500047EA8357A4FB076802958D0A05FB0785AA
:102360004FEA932C04FB0C542705029D4FEA0658B4
:1023700047EA1637B5EB08056EEB070C870E920E91
:1023800047EA811742EA8312A7FB0201B6EB0B0171
:1023900064EB00042B0D43EA0C335E1844EB1C5035
:1023A000DA465146E7FB0201C5F313044FEA0B334B
:1023B00043EA14534FEA0432019C43EA0603A4F1B2
:1023C0000C040294009CCDE900B400F0CDF803B0F9
:1023D000BDE8F08F00200146F9E72DE9F04D81EAD4
:1023E000030404F0004B21F0004514464FF0000AAE
:1023F00023F0004150EA050220D054EA01021DD02A
:10240000C5F30A570246C5F31303C1F31300C1F322
:102410000A5640F4801543F48013A7EB0608101BFE
:10242000D64608F2FD3873EB050002D308F1010827
:1024300001E092185B41B8F1000F03DA0020014679
:10244000BDE8F08D00204FF48011064684460EE072
:10245000171B73EB050705D3121B63EB050306433C
:102460004CEA010C49084FEA300092185B4150EAEF
:102470000107EDD152EA030012D082EA040083EA98
:102480000501084305D0101BAB4106D201220023F1
:1024900006E000224FF0004302E06FF0010253100B
:1024A0001AEB06004CEB085110EB0A0041EB0B0154
:1024B000BDE8F04D00F049B81CB509480090094846
:1024C00001900546009C06E0E06840F0010394E8B6
:1024D000070098471034AC42F6D3FFF74DFE0000DA
:1024E00008D0010828D00108202A04DB203A00FA8D
:1024F00002F1002070479140C2F1200320FA03F35B
:10250000194390407047202A04DB203A21FA02F058
:102510000021704721FA02F3D040C2F1200291401D
:10252000084319467047202A06DBCB17203A41FAA8
:1025300002F043EAE07306E041FA02F3D040C2F150
:102540002002914008431946704710B5141E73F1DC
:10255000000408DA401C41F1000192185B411A4363
:1025600001D120F0010010BD2DE9F04D92469B46AF
:1025700011B1B1FA81F202E0B0FA80F22032904655
:10258000FFF7B2FF04460F4640EA0A0041EA0B019A
:1025900053465A46084313D0114653EA010019D056
:1025A000C8F140025046FFF7AEFF05460E465046C2
:1025B00059464246FFF798FF084305D0012004E042
:1025C00020463946BDE8F08D0020054346EAE07616
:1025D0002C4337430A986305E40AA0EB0800002265
:1025E000FD0A44EA47540A3002D500200146E9E7D3
:1025F000010510196941DDE9084500196941BDE887
:10260000F04DA2E70EB540F2334102910021CDE931
:1026100000110A460B46FFF7A7FF03B000BD70B5D7
:10262000C1F30A5201F000450024C1F3130140F246
:10263000FF3341F480119A4201DA002070BD40F26C
:1026400033439A42A2F2334203DC5242FFF75BFF6C
:1026500000E090402C43F1D0404270BDD2B201E086
:1026600000F8012B491EFBD270470022F6E710B597
:1026700013460A4604461946FFF7F0FF204610BDF0
:10268000F0B480EA0102D40F4200B2EB410F02D253
:102690000246084611464A0042D0C30DDDB2C1F3DE
:1026A000C752AD1A202D35DAC1F3160141F40002EC
:1026B00004B15242C5F1200602FA06F12A41104443
:1026C000B3EBD05F23D0C4B1012DA0EBC35009DC24
:1026D000F0BC4FF0004202EAC352DBB200F500004A
:1026E00000F083B9400000F1807000EBC350A0F10E
:1026F000807040EAD170490009E0490841EAC071A0
:10270000A0EBC35000F50000400800EBC350F0BC44
:1027100000F062B96142012202EB4101001BF6E7C1
:10272000F0BC704781F00041AAE780F00040A7E7C5
:1027300080EA010210B502F00043400022D04A00B6
:102740001FD0010E01EB1261C0F35600C2F3560216
:1027500040F4000042F40002A0FB022000047F3994
:10276000140400D0401C50EA124001D44000491E1D
:10277000C2B20C0604EBD010401C4008802A02D0E4
:1027800003E0002010BD20F00100002900DA002045
:10279000184310BD30B480EA010202F0004530F069
:1027A000004221F0004013D090B1C30DD40DC2F30C
:1027B0001601C0F31600E41A41F4000140F40002CF
:1027C0007D34914201D3641C00E04900002C02DA00
:1027D00030BC002070474FF400000023914201D329
:1027E000891A034340084FEA4101F7D151B19142A0
:1027F00002D14FF0004105E002D24FF0010101E0AB
:102800006FF0010103EBC450284430BC00F0E4B881
:10281000002801DBC0F10040002901DBC1F10041CB
:10282000814201D80120704700207047002801DB59
:10283000C0F10040002901DBC1F10041814201D219
:102840000120704700207047002801DBC0F10040E4
:10285000002901DBC1F10041814201D30120704711
:1028600000207047002801DBC0F10040002901DB97
:10287000C1F10041814201D9012070470020704719
:10288000002801DBC0F10040002901DBC1F100415B
:10289000814201D1012070470020704730B5041EED
:1028A00071F1000404DB4FF00044404264EB01018D
:1028B000141E73F1000405DB1C464FF00043524226
:1028C00063EB0403801A994101D2012030BD00203E
:1028D00030BDC10F80EAE0700844CA07962300218A
:1028E00000F083B896230022114600F07EB800F075
:1028F000004220F00040C10DC0F3160040F400007B
:102900007F2901DA00207047962903DCC1F1960186
:10291000C84001E096398840002AF4D04042704710
:1029200020F00040C10DC0F3160040F400007F29E4
:1029300001DA00207047962903DCC1F19601C840F6
:102940007047963988407047C1F30A5210B5C1F3F9
:10295000130140F2FF3341F480119A4201DA002062
:1029600010BD40F233439A42A2F2334203DC52429A
:10297000FFF7C9FD10BD904010BD00F0004230F0DF
:1029800000400AD0C10D01F56071C0F3160042EAA3
:102990000151C208400711437047002001467047AB
:1029A00001F0004330B421F0004150EA010206D0AA
:1029B0000A0DA2F56072C1F31301002A02DC30BCDB
:1029C00000207047440F44EAC104C100E01830BC45
:1029D00000EBC250AFF300800029A8BF7047401C35
:1029E000490008BF20F00100704710B4B0FA80FC25
:1029F00000FA0CF050EA010404BF10BC704749B162
:102A0000CCF1200421FA04F411FA0CF118BF0121D1
:102A100021430843A3EB0C01CB1D4FEA00614FEAB1
:102A2000102042BF002010BC704700EBC350104480
:102A30000029A4BF10BC7047401C490008BF20F00B
:102A4000010010BC7047FEE7704700002DE9F84F09
:102A500041F6A309622A88460546DFF890A09B4606
:102A6000CDF8009028BF6222052A98BF0522C2F146
:102A70006400A62148436421424680B2B0FBF1F7CE
:102A80002846532107F153063346D0470A9831466A
:102A90000F220F230090681E84B2204603F0CAFE66
:102AA0006137284642464FF48073CDF800B039466E
:102AB000D047204653212A463346CDF80090D047D0
:102AC000204639462A4602F09DF908F101005321BB
:102AD0003346CDF8009084B240462246D047404667
:102AE0003946224602F08EF9BDE8F88F132F000810
:102AF000438E4FF6FF7293421CBF5A1C428670B53C
:102B0000CB1C0021062B24D8DFE803F00423142378
:102B10000823200002F00EF804211AE0038C4186FD
:102B20009A4238BF012180F834104FF0010138BFBC
:102B300009210EE0038C41869A4238BF012180F8BA
:102B400034104FF0020138BF0A2102E001F0F2FF19
:102B50000321024612F8305F12F8093C12F8036CA8
:102B6000DCB202F8033C84F001033343B3FA83F38D
:102B70005B094DB1002B5ED0002280F83020C28569
:102B8000826280F82C2056E0458D6DB1013D45856F
:102B90002D0401D0002508E090F82C50012D03D120
:102BA000002101F0C7FF05210125BCB1002B42D057
:102BB000024632F8283F32F8104CA34239D3448BF6
:102BC000A3422FD290F82C3085F00104013B18BFAE
:102BD000012323432DD1838B43852AE0038D048B6E
:102BE000013303859BB2A3420AD12DB990F82C4042
:102BF000012C01D1062101E000F12C020124147006
:102C0000428B934217D3C38DC28B01339CB2B4FB6A
:102C1000F2F505FB1242002A18BF1A46C28508BF0A
:102C2000082108E0002180F83010C1851160117181
:102C3000072100201080084670BD2DE9F04701688B
:102C400082888B68816886898D680469818AA46816
:102C500005EA0607BD1B04EA010CB5FA85F5ACEBE5
:102C600001044FEA551E90F82450B4FA84F4640924
:102C700080F8264080F8274003EA0204A31AB3FA3A
:102C800083F34FEA531A837D1BB355452ED0B7EB20
:102C9000060918BF4FF0010990F82580B8F101032B
:102CA00018BF0123BD1BB5FA85F56D091D4394427C
:102CB0001FD165B1B8F1000F08BFB7423DD0A8EBF6
:102CC0000E02B2FA82F2520912EA090F3DD0012532
:102CD0001EE055450AD04FF0FF35B74280F825E099
:102CE00080F824A008BF0125944217D102200025B6
:102CF0001DE065B1B8F1000F08BFB74221D0A8EBC5
:102D00000E02B2FA82F2520912EA090F27D0FF2509
:102D10004FF0000E80F825E080F824A0EAB26FF0B2
:102D20000200012A08BF0320002A08BF02208C45A8
:102D300018BF054668B2BDE8F087FF254FF0010EC9
:102D4000E8E74FF0010E0125E4E787EA060288EA8A
:102D50000E031A43B2FA82F252095542DAE787EAC1
:102D6000060288EA0E031A43B2FA82F25509D1E745
:102D7000FEE700002DE9F84FDFF88CB007462A2067
:102D8000984692468946D8477C4C4FF40045380A0D
:102D90007B494FF480666560C4F8FC03F8B20E60AE
:102DA000C4F80068256065600F46C4F8FC034FEA6C
:102DB0001A200E6001F00DFE5FFA8AF00E6001F03D
:102DC00008FE2B200E60C4F800682560D8474FEA43
:102DD000192065605946C4F8FC035FFA89F03E602B
:102DE00001F0F7FD4FEA18203E6001F0F2FD5FFAB6
:102DF00088F03E6001F0EDFD3E60C4F8006825609B
:102E00002C20BDE8F84F0847C531000870B5164CB6
:102E10004FF6FF724FF6FF7394F8380094F83A10AB
:102E2000002818BF40F2DF12002918BF40F23F13FC
:102E3000002000210025FFF79DFF94F838000128AD
:102E400011D168090E280ED8002694F83A000128FE
:102E500007D1B009042804D8002000F0A5F90136F4
:102E6000F3E70135E9E770BD080100202DE9FE4FC9
:102E70000C46A3EB010B111A05460029029101DD56
:102E8000012008E005D00298404202904FF0FF3048
:102E900001E000200290BBF1000F019001DD01264E
:102EA00007E019BFCBF1000B4FF0FF364FF0000BDE
:102EB000002602985F464FF000084FF000094FF0DF
:102EC000000A584588BF07461FFA88F08742B8BFF6
:102ED000BDE8FE8FA8B2A1B202460B46FFF74AFF3B
:102EE0000C9800F061F90AEB0B0008F10108B842F8
:102EF000C8BF34440299019A4944B942C8BF154435
:102F0000B0EB070AD8BF8246B1EB0709D8BF8946A4
:102F1000DAE72DE9F8438146501E154698460E46DD
:102F200082B2581E83B24846FFF724FF089CB0B215
:102F3000404528BFBDE8F8834F46B8B2A84204D246
:102F4000204600F031F90137F7E70136EFE70000DE
:102F500010B5002007F0D6F8A548A44A4FF4004168
:102F60004FF4006341601360D0F8F843C0F80038B4
:102F70000160102007F0C6F8A0B210BD1008014093
:102F8000141001402DE9F04F87B0119F1C46904668
:102F900000EB5702CB1901F071FE01203909109E98
:102FA0004FF0000B17F00E0F18BF00EB171101FBCD
:102FB00007F00690A8F120004FF4C8717D084FF08B
:102FC0000008C2B22D48059212FB010004902F4860
:102FD00000EB021003902B4800EB8210029028486F
:102FE00000EB022001900698804543D0502F16D068
:102FF000102F18D00598182F00EB400009D0202F73
:103000000FD0402F09D00C2F34D1214901EB800083
:103010000AE01D4901EB001006E0019804E0049865
:1030200002E0029800E0039840440BF108074FF0DB
:10303000000A90F80090BAF1080F13D029FA0AF0AC
:10304000C007204608BF304600F0AEF80BF1010B78
:103050001FFA8BF0B0FBF5F101FB150020B10AF16E
:10306000010AE8E7BB4601E04FF0000B119F08F1B1
:103070000108B8E707B0BDE8F08F00BF2C3B01089E
:103080002CDC00086CC400089CB20008ACAC000842
:1030900038A800082DE9FE4F07460D98994692463C
:1030A0000E4600254FF00A084FF0000B4408032D90
:1030B00008BFBDE8FE8FC5F102000121020604D061
:1030C00001EB810101384900F8E7BAFBF1F0BBF1EF
:1030D000000FB0FBF8F101EB8101A0EB410105D13C
:1030E000012D03D8080410D04FF0010BDDE90C20AE
:1030F00041F030014B46CDE9002005FB0470CAB217
:10310000314601F0FFFB0135D1E7DDE90C1030223B
:103110004B46CDE9001005FB0470314601F0F2FB8F
:103120004FF0000BEFE72DE9FC47DDF828809946CA
:1031300015460E4607464FF0000A4FEA58042A7813
:103140004AB1B8B231464B46CDE900A8FFF71AFFA5
:1031500027440135F3E7BDE8FC8700002DE9FE4F69
:103160001C469046894683465D0800260FF2300AC9
:103170000027072F08BFBDE8FE8F781EC0B20528C4
:103180000AD81AF800200BEB060049464FF6FF73E9
:10319000CDE9008401F0B6FB2E440137E9E700BF1A
:1031A00056312E302E39000011494FF400424FF4B1
:1031B00080634A60C1F8FC030C480360C1F8003822
:1031C0000A60704710B50949094B4FF480524FF41B
:1031D00000440A605C60C3F8FC034FF48060086040
:1031E000C3F80008C3F800281C6010BD141001408B
:1031F000100801402DE9F04F95B0DFF8CCAB9AF8FC
:103200001C0001282BD0002841F0C482DFF8BC9BB1
:1032100099F8E60302282BD1D9F8B040DA4901F039
:103220001FFD00286FD0D84901F0A2FC002840F013
:10323000B78099F8C003002840F0B2809AF82400C3
:10324000002840F0AD809AF8250001308AF825006A
:10325000C0B2032824BF0120AAF824006FE09AF826
:103260003000012808D1DFF8440E90F8D1031CE0AB
:1032700000208AF8240093E03D2000214FF4F072F2
:103280001E230090002003F0D5FA40F29F10082181
:1032900043F286121023FFF761FF0120DFF80C1EB6
:1032A0008AF83000FF2081F8D103DFF8008E98F80B
:1032B000D01388420FD03F20012908BF3E20009044
:1032C0004FF4C77006211522152303F0B3FA98F8BE
:1032D000D00388F8D10398F8C90398F8CA1381423B
:1032E00034D0012803D098F8CB13012929D17020BC
:1032F00003212A221823009040F2631003F09AFA67
:1033000098F8C90320E09AF8230001308AF82300D6
:10331000C0B215280AD300208AF823009AF82200A8
:10332000013000F003008AF8220001E09AF8220040
:1033300000218AF82410DFE800F0022A262856200F
:1033400026E000218AF8301088F8CA0398F8E603CE
:103350004FF6FF7B00F0FE0102294FF6FF7140F0AF
:103360005F8798F8C41398F8C5238A4200F0DD807F
:10337000032900F2D480DFE801F002CAC6C80120A8
:1033800088F8E703CBE0582002E0592000E05720FE
:1033900000904FF4D77028212422222303F04AFA08
:1033A00099F8E80301280FD1DFF8040D81694A1E5E
:1033B0000029826108DC002189F8E8134FF4967136
:1033C0008161172089F8E6039AF8201099F8C6035E
:1033D00019B108BB99F8C2130CE0012101288AF841
:1033E00020100CD0C0B999F8C213012909D80220C5
:1033F00089F8E6030020022938BF012002E00320FB
:1034000008E0002099F8E61301F0FE01022903D13B
:1034100010B1022089F8E60399F8E60399F8E7234A
:103420004FF6FF71824200F0D080DFF8842C574BBA
:1034300089F8E703D1815649FF22C9E90433C9F865
:103440003830C9F8303089F8B92389F8CE2389F8A3
:10345000D42389F8C7238AF81E20C9F81C10C9F89C
:103460005410C9F8081001F07FFAC9F89C10C9F887
:103470004410C9F8A410C9E92311C9F89410A0F1A7
:103480001D01CAB2202A04D300F17F02D2B2012A60
:1034900022D89AF8212082B904201E214FF4F0721C
:1034A0004FF491730090002003F0C4F901208AF8D2
:1034B000210099F8E603A0F11D01C9B2062904D341
:1034C000A0F12D01C9B20D2911D800904F2046213D
:1034D0004FF4A172A52376E00021009000204FF464
:1034E000F0724FF491738AF821101E216BE0A0F165
:1034F0002301C9B207294DD8009050203B2140F24A
:103500003F12BB235FE0462002E0442000E042205F
:1035100000907B207B21EB22672303F08BF998F846
:10352000C41398F8E60388F8C51302284FF6FF7114
:1035300040F0768698F8C003022804D0012812D003
:10354000002840F02E8618200024342100224FF657
:10355000FF73CDE9004040F24510FFF79BFDAAF84C
:10356000524000F01EBE98F8C203012802D198F81C
:10357000D90320B198F8C943022C40F0DA84002026
:10358000AAF8520000F00DBE0000A04200007A44EC
:1035900000007F43A0F1810102290ED3A0F13B017D
:1035A00002290AD3A0F12B0101290ED8009048204E
:1035B00058214FF4A872822305E00090092057217A
:1035C0004FF4E772842303F035F99AF828000128B4
:1035D0000DD0002840F02281B9F8BA0390B199F8D3
:1035E000E663022E50D0032E53D119214DE0B9F8D5
:1035F000BC0380B199F8E663022E72D0032E75D118
:1036000019216FE09AF83100002800F0B2800138EB
:103610008AF831009EE0D9F89850D9F8A000D9F87E
:10362000B44001F0A2FA30B1D9F8B80001F09AFA2A
:10363000002840F0F08099F8C01399F8C22399F857
:10364000D93399F8E603C9F8B840C9F8A05009067B
:1036500008BF2C4682F00101DAB2114318BF2C4694
:10366000CAF87040022800F0C280032840F0D380DE
:1036700001F081FA0246202043F28611CDE90010C4
:103680004FF4CA70CD21C2E00521D0FA51F0A9F85B
:10369000BA030020D9F82050C9E90200C9E90400A2
:1036A000D9E9064001F05EFA28B1D9F8240001F00A
:1036B0005CFA00284ED199F8CD03C9F82450C9F816
:1036C0001C40002808BF254601F098FA0446022E47
:1036D00036D0032E3ED101F002F940F2891050217C
:1036E00034E00521D0FA51F0A9F8BC0399F8C97368
:1036F000022F04D0D048C9F8B800C9F8A000D9E911
:103700002640D9F8BC5001F02DFA28B1D9F8C000F4
:1037100001F02BFA00287ED1C9F8C050C9F89C40AE
:10372000022F08BF2C4601F026FA0446022E15D0BF
:10373000032E70D101F0D3F84FF4CA70CD2115E0FB
:103740005E2001F027FA01F016F978214FF6614367
:10375000FFF7A0FC9AF8280001305DE0622001F03C
:103760000DFA01F008F94FF48770782143F67F4392
:103770004FE099F8C4030028ECD1D9F82850D9F8C3
:1037800000B000212846FFF77BF8AC4906462846E2
:10379000FEF7CEFFAA49FEF7FDFF01F0FAF885F02B
:1037A0000041002E18BF084699F8CD83B8F1010FEB
:1037B00018BF0846FFF79BF899F8C9730546012F13
:1037C00040F0E583B8F1010F40F013849B4C58465C
:1037D0002146FEF7ADFF9A49FEF7DCFF01F0D9F86C
:1037E0009849C9F80400FEF74BFF0646E0E3602065
:1037F00001F0C4F9DAF87000FFF779F802465020BA
:1038000041F6A301CDE900104FF4877078214FF6FF
:10381000FF73FFF73FFC00208AF8280099F8E603C1
:10382000022800F07581032840F087819AF81F0074
:1038300058B9002029214FF4BC72FA2300901220BD
:10384000FFF767FB01208AF81F00D9F800407E4986
:10385000D9F8485001F078F999F8C973012F18BFC9
:103860002046FFF744F80446FFF733F801462846A0
:10387000FEF7F8FF064601F0C1F90546002E08BF25
:10388000254699F8D903B421012808BF982199F851
:10389000C203012818BF982159F80100FFF727F843
:1038A000804699F8C003002638B1D9F8B0006749BE
:1038B000FEF7BCFF002800F04E814FF0000828B250
:1038C000FFF707F862490546FEF7BEFF614C002886
:1038D0001CBF0025C4F2FA3501F0CCF95E4A00287D
:1038E0001CBF0025C4F2C8252846214606F048FF23
:1038F000AAF858004046FEF7F5FF584901F081F953
:1039000000281CBF0024C4F2483420460021FEF7E2
:103910007FFF0028524A18BF00242046002106F0ED
:103920002FFFAAF85A0040F2651744F6384B4FF0C3
:10393000000ABA453DD00AF11200C846D1440096AB
:1039400084B20AF1140099F8EC1099F8ED3085B2C0
:1039500020462A46FFF78AFA99F8521299F853320C
:1039600020462A460096FFF781FABAF5B27F14D0B6
:103970004FF2604099F8EE3099F8ED102A46009029
:103980002046FFF773FA99F8543299F853122046FB
:103990002A46CDF800B0FFF769FA99F8ED000AF170
:1039A000010A89F8EC0099F8530289F85202C146DD
:1039B000BFE7DFF860AEDFF8786E002448F20F450D
:1039C0004FF02A084727BAF8580089F85102BAF888
:1039D0005A0089F8B703BCB1052C43D004FB08F0AA
:1039E0004FF4BC720095283081B212200B46FFF7CD
:1039F0003DFA04FB07F02821FA230095123080B22B
:103A00000246FFF733FA15E0122028214FF4BC726A
:103A100028230095B047122028211222FA2300956E
:103A2000B0471220FA2101F08FF94FF4BC70282121
:103A300001F08AF90134CEE700007F430000104115
:103A40000000A0400000F4C2000048C20000F041A5
:103A50000000FA430000C84200001644000048433A
:103A600000007A4373202A212F221923009014206A
:103A700002F0E0FEDFF8C84D0C250FF6B852152015
:103A8000462101F04DF80FF6BC521520702101F0CF
:103A900047F80FF6BC5215209A2101F041F80FF6B5
:103AA000BC521520C42101F03BF80FF6BC52152082
:103AB000EE2101F035F874202A21172217230090F7
:103AC00040F25F1002F0B6FE0FF6A8524FF4B2704B
:103AD000462101F021F80FF6A0524FF4B270702188
:103AE00001F01AF80FF694524FF4B2709A2101F0D7
:103AF00013F80FF68C524FF4B570C42101F00CF896
:103B00000FF680524FF4B870EE2101F005F897E0FF
:103B1000D9E90045D9F8100001F024F888B9B9F8BE
:103B2000BA1399F8CD03C9E90445D9B138B3D9F826
:103B300020009E49FEF7A4FD1EE000208AF81F0029
:103B40007EE0D9F8140001F010F8B9F8BA13002893
:103B5000E7D091B3E5E7022F7FF4B1AE01F0B2F800
:103B60008046ACE699F8C96360B190492846FEF7F3
:103B700087FD012E18BF28468D4C8E4D0AE0D9F8DE
:103B8000180005E08C4900F0DFFF012E18BF204629
:103B90008A4C8B4DFEF7F1FE02460B462846214625
:103BA000FEF7A9FBFEF73BFD02466A2027214FF6F0
:103BB000A04300901A20FEF749FFD9F89840D9F8A1
:103BC000A400D9F8B45000F0CDFF10B9D9F8BC600A
:103BD0000CE0D9F8A800D9F8BC6000F0C6FF28B105
:103BE000D9F8AC003146FEF74BFE48BB09F1A40002
:103BF00070C099F8C003012809D199F8C2030128BF
:103C000005D199F8D90310B9B9F8BC0320B101F076
:103C100044F808BF3446254600F0F0FFFEF7F2FCFA
:103C2000684B00F056FEFEF7FAFC02466B204FF49C
:103C3000E37140F25F43009040F2B910FEF706FFD7
:103C400099F8E603011F11F1020FC0F0CD8046F292
:103C500069605D214FF481724FF49473ADF85000A8
:103C60003020109346F268531291CDE90C21CDE932
:103C7000072199F8B813119213900E9009905A20C9
:103C8000ADF83C30C123069099F8B9030B9346F286
:103C90006743ADF82830884247D006AC012604F1CE
:103CA0000805042E10D099F8B903864209D16F7A1D
:103CB000AB882A8835F8041C35F8080C009702F008
:103CC000B9FD14350136ECE799F8B90308B10428B9
:103CD0000DD300253C2D0AD06619605BB38932896B
:103CE000B188767C009602F0A5FD1435F2E799F8CC
:103CF000B803411ECAB2022A0FD8900050FA81F1CF
:103D000034F8210004EB8104A3892289A188247C52
:103D1000009402F08FFD99F8B803E649002289F873
:103D2000B9038AF8292000F01FFE00285AD09AF81B
:103D30002900002856D1D9E91A06D9F81850D9F81F
:103D40002040FEF7D4FDADF8120000F0ECFFADF816
:103D50001400D9F87000FEF7CAFDADF81600D9F8C6
:103D60007400FEF7C4FDADF80C00D9F87800FEF73A
:103D7000BEFDADF80E00D9F87C00FEF7B8FDADF839
:103D8000100000F03BFF054600F0F5FE00210DF1AC
:103D9000120203AB03291BD032F81140AC4221D0F0
:103DA00033F8114001318442F4D11BE00000F4C229
:103DB000E3A5BB3FD9CEF753000048C29999C93F4C
:103DC0009A9999990000E43F08010020CC1700203F
:103DD000B848C9E93500C9E93700C9E93900012007
:103DE0008AF8290099F8E60300F0FE00022840F066
:103DF0009B80D9F86840D9F8D400D9F8745000F005
:103E0000B1FE20B1D9F8E00000F0AFFE90B900F0AB
:103E1000F1FE08BF2C4600F0AEFE00F0D0FE6020A0
:103E200000F034FED9F86800D9F87410C9F8D4004D
:103E3000C9F8E010D9F86C40D9F8D800D9F8785012
:103E400000F090FE20B1D9F8E40000F08EFE90B9A9
:103E500000F0D0FE08BF2C4600F08DFE00F0AFFE53
:103E6000C72000F013FED9F86C00D9F87810C9F813
:103E7000D800C9F8E410D9F87040D9F8DC00D9F8B6
:103E80007C5000F06FFE20B1D9F8E80000F06DFE24
:103E900098B900F0AFFE08BF2C4600F06CFE00F0B1
:103EA0008EFE4FF4977000F0F1FDD9F87000D9F84C
:103EB0007C10C9F8DC00C9F8E810D9F88040D9F8BE
:103EC0008C0000F04FFE50B900F055FE00F077FE78
:103ED0008D2000F0DBFDD9F88000C9F88C00D9F8FE
:103EE0008440D9F8900000F03DFE50B900F043FE48
:103EF00000F065FEF42000F0C9FDD9F88400C9F88F
:103F00009000D9F88840D9F8940000F02BFE58B9F9
:103F100000F031FE00F053FE40F25B1000F0B6FD01
:103F2000D9F88800C9F894009AF81C00013000F014
:103F30002FBCD8F80000D8F82810D8F81870FEF771
:103F4000F1FBFEF7D4FC012C08BF323800B2FEF7BB
:103F5000C0FC594905463846FEF792FB2946814682
:103F6000FEF764FC554904463846FEF789FB0646D1
:103F700034B930462946FEF775FC002800F0CC80A5
:103F800030462946FEF744FC40BB012000E1B8F171
:103F9000010F40F0A8804A4C58462146FEF7C8FB66
:103FA0004849FEF7F7FB00F0F4FC0646C9F80400A8
:103FB0002846FEF78EFC014600F0B2FE0546D9F811
:103FC000D000D9F84C602146FEF7B2FB3D49FEF720
:103FD000E1FB00F0DEFC0146284618E04846294691
:103FE000FEF732FC002840F0D88000208AF8260036
:103FF000D1E0354900F037FE06462846FEF769FC59
:10400000014600F08DFED9F84860D9F8D010FEF7CF
:1040100037FBFEF76CFC0546FEF75BFC01463046BD
:10402000FEF720FC10B100F07EFE05461420594634
:104030008AF83100D9E90160FEF722FC99F8E643DD
:1040400038B1D9F80C003146FEF71AFC00287FF48D
:1040500081AB022FC9E902B615D099F8D303012824
:1040600011D19AF83200002874D009F11800B8F183
:10407000010F08BF09F120000068FEF738FC054673
:10408000CAF8740001E0CAF87450032C1ED0022C48
:104090007FF460AB5C2000F07DFDBAF87420502006
:1040A00041F6A301CDE90010782118E0CC170020DB
:1040B0000000002000007F430000C8420000C8C28A
:1040C000000010410000A040000048C2202043F240
:1040D0008611AAB2CDE9001040F2891050214FF6A6
:1040E000FF73FFF735BB2846FEF7F3FB014600F0F0
:1040F000BAFDD9F8D010D9F84860FEF7C1FAFEF73A
:10410000F6FB0546FEF7E5FB01463046FEF780FB71
:1041100000283FF488AF89E79AF82700022836D1B3
:10412000DFF8F406018A0139018209B2002934DC82
:104130003221018238462946FEF7F4FAFEF7D7FB12
:1041400001B280EAE130A0EBE13000B20128D8BF33
:10415000012020E02846CAF87450FEF7BAFBD9F8CF
:104160001860E049804600F0DBFD4146FEF77AFB2F
:1041700000288AD1DC4900F0D3FD4146FEF756FB0A
:1041800000287FF482AF01208AF832007DE7022008
:104190008AF826006420AAF852009AF826008AF8C5
:1041A0002700DFF87416BAF85200C98981423AD064
:1041B000C0B2642828BF6420012898BF0120C0F144
:1041C0006400FEF78FFBC949FEF7E4FAC849FEF721
:1041D000AFFAFEF78CFBC0F5877044F250714323B1
:1041E00084B20091CF203F212246FEF792FE41F695
:1041F000A3003F214FF48772432300902046FEF72F
:1042000088FEBAF85220182000214FF6FF73CDE93E
:10421000001040F245103421FEF73CFFBAF852106E
:10422000DFF8F405C18198F8E67307F0FD002D284A
:1042300004D1D8F82C50D8F8344007E0D8F81850FA
:10424000D8F82040C8F82C50C8F83440D8F83000CE
:10425000D8F8386000F089FC18B1304600F082FCD4
:1042600028BB47F00200C8F83840C8F830502F2863
:104270001DD198F8CD0398F8DC63002808BF2C46C0
:1042800000F079FC0246202043F266114FF6FF73DE
:10429000CDE90010F0B2022808BF4FF4FC634FF4E0
:1042A00087702F2F18BF5B469621FEF7F3FE9AF812
:1042B0002A0038BB0120D8F81860D8E91A548AF8C7
:1042C0002A00D8F80000FEF712FB00EBC00005271B
:1042D00000F03DFCC8F8040000F025FD00F0DDFA18
:1042E000C8F8200000F08AFC00F0D7FAC8F8740083
:1042F00000F041FC00F0D1FA00F0ECFC00F0CDFA47
:10430000C8F87C00D34698F8CDA398F8CE4354451E
:1043100025D0D8F80000D8F81860D8E91A59FEF767
:10432000E6FA00EBC000052700F011FCC8F8040015
:1043300000F0F9FC00F0B1FAC8F8200000F05EFCD3
:1043400000F0ABFAC8F874004846FEF7D0FA00F067
:10435000A4FA00F0BFFC00F0A0FAC8F87C009BF8BB
:104360001D00062800F27D80DFE800F0047E193E83
:10437000099DC800544540F0D6800120D1E098F84E
:10438000E603DA46372840F0248198F8DD03012857
:1043900000F01581002840F0F5816F2010E198F8B9
:1043A000E603232840F0BC8098F8DF03DA460138A2
:1043B000C1B2032900F2E680C000DFF8685478211A
:1043C00014221423C4B24B4800F0B0FC4A4EA12181
:1043D0001422142306F57F4000F0A8FC26FA04F00E
:1043E000CA2114221423CBE198F8E603DA46A0F19F
:1043F000230100F0B2FA00F2C581012202FA01F1B4
:1044000040F66162114200F0BD812D2808D03528A8
:1044100006D0372802D198F8DD1309B1392804D124
:104420004E2000F0C5FB98F8E6032F2805D037286A
:1044300008D198F8DD13012904D1512000F0B8FB10
:1044400098F8E603232840F09D8198F8DF03512176
:10445000042808BF4E210091C420FF2158222D239B
:104460003CE00020DA4693E198F8E603DA46A0F152
:104470001D0100F072FA00F28581012202FA01F1B9
:1044800040F67742114200F07D811D2840F0CE8039
:1044900098F8CC03002800F0C080012840F0C680C6
:1044A0008924B121BBE098F8C0039BF81E10DA46BE
:1044B000814200F0678198F8C913022900F06281F7
:1044C00098F8E61300288AF81E005DD102295BD116
:1044D0004020282196224B230090A52002F0AAF923
:1044E00050E100BF000020C1000020410000C84290
:1044F00000007C42797A7A7A7A7A797A9BF82D2050
:1045000098F8C913DA46022A23D1022921D098F853
:10451000E6038AF82D10022840F05A817C2050E1F1
:104520000320DA4631E198F8E6032F283DD003282E
:1045300000F033812D2838D0022840F05B81BAF199
:10454000010F00F04F81BAF1000F40F053814C2071
:1045500049E10020022A00F01881022940F015816B
:1045600002208AF82D0098F8E603022840F03081F6
:1045700098F8D603002800F02081012840F020811F
:104580007E201BE1032000E1012808BF022940F042
:10459000F98098F8D603002800F0348101284FF6FE
:1045A000FF7440F034817E202FE1BAF1010F00F05A
:1045B000FC80BAF1000F40F01D814820F6E06C202D
:1045C0000090CD20BE214622202302F033F998F836
:1045D000E603352840F0D680EC20832143F26612B2
:1045E00020234FF0EC0843F266152026FEF7B6FDB7
:1045F00000278AA4072F00F0C580781EC0B20528C6
:1046000009D8225C08EB0710B5214FF6FF73CDE9FE
:10461000005600F077F90137ECE7B12489215A20E0
:1046200000F034F95B20214600F030F998F8E603F9
:104630001F2812D198F8CF03012803D0A8BB8924E2
:10464000B12101E0B12489215A2000F01FF95B203B
:10465000214600F01BF998F8E603212810D198F8BC
:10466000D20320B101280BD18924B12101E0B1246A
:1046700089215A2000F00AF95B20214600F006F952
:1046800098F8E603312812D198F8D503012803D011
:10469000B0BB8924B12101E0B12489215A2000F066
:1046A000F5F85B20214600F0F1F898F8E60333288E
:1046B00010D198F8DB03012803D058B98924B1211F
:1046C00001E0B12489215A2000F0E0F85B20214666
:1046D00000F0DCF898F8E603252813D198F8E103F8
:1046E000022804D003284DD18924B12101E0B1244E
:1046F00089215A2000F0CAF85B20214600F0C6F854
:1047000098F8E60327281ED198F8E30300F014FB7D
:1047100038D8C000434D752125221E23C4B242481B
:1047200000F004FB414E9E2125221E2306F57F400A
:1047300000F0FCFA26FA04F0C72125221E2300F01F
:10474000B4F898F8E60329281CD198F8E50300F09E
:10475000F3FA17D8C000334D752125221E23C4B2A9
:10476000314800F0E3FA314E9E2125221E2306F542
:104770007F4000F0DBFA26FA04F0C72125221E2331
:1047800000F093F89AF81D0001308AF81D0000200F
:104790008AF81C0015B0BDE8F08FBAF1010F19D0EE
:1047A000BAF1000F26D14A2015E0492000904FF4BD
:1047B000A07099211C221B231AE07B2000F0F1F944
:1047C0007520009091205021BE22232302F032F860
:1047D0000020DAE74B2000904FF4DC7054211A22BD
:1047E000182305E04D200090C820AA21142215238B
:1047F00002F020F898F8CD03DA4688F8CE039BF84B
:104800001D00C1E77B204FF6FF7400F0CAF9024893
:10481000C481B7E7080100200000002056312E3087
:104820002E310000356800085A5B5B005B5B5A0064
:104830006D2E000835303028393332290000000051
:104840002731000834303028373532290000000085
:10485000333030283537322900000000323030281C
:10486000333932290000000031303028323132290A
:10487000000000003230300031353000313030007F
:104880003530000030000000FEE7704725221E236F
:1048900000904FF4AA7001F0CDBF00EBC000B0FB58
:1048A000F7F0203080B2FEF71DB8C0B200904FF490
:1048B000AA702847206820F00100206010BD95F8FC
:1048C0003500013885F83500000670470022FDF7F5
:1048D0006BBC0022FDF70FBD2946FDF7A7BF2020C6
:1048E00043F28611A2B2CDE900107047B4F860001F
:1048F0000130A4F8600080B27047D9F820004FF072
:104900004241704780B2FEF73DBBCDE90144ADF8AE
:1049100014407047BDF808100A31ADF808109DF832
:104920000B1001317047042002F058BB656005F0A0
:104930000FBC4FF47A704FF07E51704701F00701C1
:1049400025F4E04545EA013170472D2087F8E6035C
:10495000002070470446FDF75BBFCAB2C90141EAB7
:104960005201C9B20B297047C9E93511C9E937119C
:10497000C9E939117047502041F6A301A2B2CDE92F
:104980000010704781F82D20002131720221022889
:1049900070474FF08441FDF773BE00BF00BF00BFFA
:1049A00000BF00BF00BF00BF00BF00BF00BF704717
:1049B00097F8E60300F0FE0102297047C9F82410B9
:1049C000C9E92311C9E92512C9F89C1089F8B8036F
:1049D0007047C4F8006825606560C4F8FC03704740
:1049E00050F8210052F821100068C9F81800096831
:1049F000C9F898107047A7F8BC03D7F89800FDF7DE
:104A00003FBEA7F8BC03D7F8BC00FDF739BEA9F834
:104A1000BC03D9F8BC00FDF733BE01208AF80D00B5
:104A200000208AF83200502068614FF47A70A9F8AB
:104A3000BA0399F8CD030128704707F18C0002EB07
:104A40008102704709F18C0002EB81027047BDF8CA
:104A500008109DF807201144B142704720464FF0DE
:104A60007E51FDF70DBE00200121102284F82004A4
:104A7000C4F81804C4F81C0404F5826002F088BA73
:104A80004FF04241C9F82000FDF7FABD4FF48C7198
:104A9000FEF700BB0A6842F001020A60704787F81F
:104AA000E60397F8E10397F8E31397F8E52387F80F
:104AB000E00387F8E21387F8E423704797F8B81308
:104AC000C7F8984003297047686101208AF80D00F3
:104AD0004FF47A70A9F8BC03D9F89800FDF7D0BD5F
:104AE00097F8B813C7F8BC4003297047C4F81014EE
:104AF000C4F8140404F5A2604FF48171FDF7B5BD4C
:104B000099F8B813C9F8BC400329704799F8B8134D
:104B1000C9F898400329704744F638430095204768
:104B20004FF26043009520470021017299F8C913A4
:104B30000229704780F83010C185816280F82C10FE
:104B400070472046FDF78EBE2046FDF799BDB0FBAD
:104B5000F7F0203080B2FDF7C5BE4FF04241386219
:104B6000FDF78EBD2146FDF78BBE2946FDF788BEB9
:104B70002046FDF769BE2046FDF7B9BED4217B2251
:104B8000192300904FF4877001F054BE78632846D3
:104B9000FDF776BDD2217B221C2300905A2001F024
:104BA00049BE0090A520282196224B2301F042BE49
:104BB000FA2158222D230090C42001F03BBE02466A
:104BC000182043F286114FF6FF73CDE900107047AD
:104BD0000446FDF72BBE01462046384799F8E60308
:104BE00000F0FE000228704700248AF83240C9F81D
:104BF000BA03704799F8CD03012870472846FDF79E
:104C000076BE0446FDF720BE89F8BE43C9E92300FD
:104C1000C9F89400D9F898007047286840F001005E
:104C2000286070478DF80B109DF80B10704700201E
:104C3000307281F832004FF47A70A7F8BA0397F80F
:104C4000CD030128704787F8E6130238B0FA80F0E8
:104C5000400987F8C60370479AF80E10012970477B
:104C60002046FDF7E3BD5846FDF70ABD0130C1B24D
:104C70000329704728462146FDF7CABD013A013B8A
:104C800092B29BB2FEF776B805F5A2604FF481713F
:104C9000FDF7EBBC0446FDF7E5BD99F8C903022812
:104CA00070470A6842F001020A60010E84F8240489
:104CB00084F82114010C84F82214010AF02084F8ED
:104CC00025047047D9F8BC00FDF711BE01463046F7
:104CD000FDF7ACBDC8F87800D8F87000FDF707BE46
:104CE000272087F8E60397F8E20387F8E303704785
:104CF000252087F8E60397F8E00387F8E10370477B
:104D000097F8C90302287047292087F8E60397F827
:104D1000E40387F8E503704797F8DC03022870473F
:104D20003046FDF7ADBC3046FDF7E1BDE040C0B216
:104D300000904FF4AA7028470138C1B20229704789
:104D40000020A4F8600070474FF4BC72FA2300956D
:104D5000304786F8E40304F12600284786F8E2038A
:104D600004F12400284786F8E00304F122002847D4
:104D700086F8C90304F12000284786F8D90304F116
:104D80001E00284786F8D30304F11C00284786F844
:104D9000D60304F118002847C9F89C00C9E923008C
:104DA000C9F89400C9F82400C9F81C000020C9F80B
:104DB000BA137047B8633863B869FDF7B3BC86F8B7
:104DC000D00304F11600284786F8CD0304F114003F
:104DD000284786F8C60304F112002847C6F8880061
:104DE00004F110002847C6F8840004F10C0028479D
:104DF000C6F8800004F108002847D7F82C80284620
:104E0000FDF796BC4FF48073CDF8009050470446F0
:104E100028462146FDF718BD704770472DE9F0413F
:104E2000DFF87C6B307801383070000648D1DFF84D
:104E3000744B1420307094F8D003012813D1DFF89C
:104E4000685B95F8340002281DD001280ED058BBAD
:104E500002F092F8307A012820D028BB012085F892
:104E6000340002201EE002F087F829E002F08AF800
:104E7000FFF725FD18D1317A022085F8340089B179
:104E800001290ED010E002F077F8FFF718FD0BD1E2
:104E900002203072002085F8340003E0012085F8FC
:104EA0003400192085F8350094F8C40340B17078B7
:104EB00001387070000603D1012030722820707014
:104EC000DFF8207D97F8C003022809D1FC6D00218E
:104ED0002046FDF7D5FC18B9C049FFF735FEF86547
:104EE000B0890138B081000441F006800120B08112
:104EF000DFF8F80C00F128042046FDF79EFE01467D
:104F00002046FDF7F5FD0138092800F27180DFE841
:104F100000F0051C6F6F35576A0D272E97F8E603D2
:104F2000411F162900F25081022015E0DFF8B80C6D
:104F300090F82E1000295BD1012180F82E10FFF788
:104F400037FD40F0EA820020F0E297F8E603411FC7
:104F5000162900F2BB8003203071D9E0307247E09F
:104F6000FFF726FD40F0DE800720307163E0FFF799
:104F70001FFD40F0FD800820307181E097F8E603C6
:104F8000A0F12301062940F25C81811E0229C0F0B4
:104F9000BF801B2800F0D7832F2800F0E18337283B
:104FA00000F0D483392840F0BC8397F8C60300286A
:104FB00000F0FC84012840F0AB80032000F0F7BC37
:104FC000FFF7F6FC14D19449FF22C7F8BA139349AE
:104FD000C7F89C10DFF8101CFFF7D4FC08BF0321B2
:104FE000FFF731FE04E0DFF8000C002180F82E10FE
:104FF0003079172800F23885DFE810F01800DF015B
:105000009E014A025302A50127021D0042006202CE
:105010006D01BD0177019D00C300400236053605D4
:10502000360585027B02300136059401052087F89C
:10503000E60300F017BD97F8C403002840F012857E
:10504000DFF8A41BFFF7F3FD00F03C83002840F0DD
:105050005183B8697249FDF713FB7249FFF7B8FD38
:1050600010B9704C0020F8616F492046BC61FDF713
:105070005FFB6E49FDF78EFBFFF78BFC386239E36F
:1050800097F8C403002840F0ED84DFF85C1BFFF7BD
:10509000CEFD00F03C83002840F0B683B869644937
:1050A000FDF7EEFA6349FFF7F5FD10B9614C0020FA
:1050B000F8615D492046BC61FDF73AFB5B49FDF7AD
:1050C00069FBFFF766FC386200F09EBBA0F11D0192
:1050D0001A2900F25483DFE811F0B2001B006803C4
:1050E0001B006E031B001D001B00DE031B00E503FD
:1050F0001B000F041B007E03830374031B00D803F3
:105100001B0071031B0088031B001B001B006B03AB
:10511000002023E797F8DF030138010608BF0420C9
:1051200000F0F8BB2F287FF463AFFFF7F5FD7FF4A5
:105130005FAF0D20307197F8CD03012800F0F981A1
:10514000002840F08F84BC693749FD6A2046FDF78E
:10515000EFFA3649FDF71EFBFFF71BFC3049FFF75E
:1051600015FD34490546FFF7EFFCFFF750FE25E03B
:105170002F287FF43DAFFFF7CFFD7FF439AF0E202E
:10518000307197F8CD03012800F0DF81002840F04E
:105190006984BC692449FD6A2046FDF7C9FA2349A0
:1051A000FDF7F8FAFFF7F5FB2149FFF7EFFC22497D
:1051B0000546FFF7C9FC0446FFF75CFD002818BF51
:1051C0002546FD6200F04EBCA0F11D011A2900F237
:1051D000DD820FF20C00D0E811F000BF000080BFAC
:1051E00032003100E8023100EE0231009603310056
:1051F000A103310079033100B3033100FE02030340
:10520000F40231006C033100F10231000803310077
:1052100031003100EB0200BFE803E80300007F43E8
:10522000000020410000FA43000010410000A040AF
:10523000000020C10000C8420000C8C268E7092081
:105240008AE6DFE811F071026E0207006E020700C5
:105250006E0207002320FFF722FC59E7D048D14C0B
:10526000D14DD2490023012287F8E82387F8B833CB
:10527000BB6287F8D83387F8D63387F8D223A7F8EC
:10528000CC33A7F8C83387F8C6333B6587F8DB33E0
:1052900087F8D93387F8D52387F8D323C7F8980040
:1052A000C7F88800C248C7E92054C24CB9613867C2
:1052B0004FF48070C7E91A41A7F8CF034FF00130CF
:1052C000C7F8E20340F20220A7F8E003BA48C7F8A3
:1052D000BA0300F0C7BB97F8CF03002800F047815E
:1052E000012840F0BF83002042E197F8CD03012858
:1052F00000F04381002840F0B583BD69AF49FFF756
:105300007CFDAF49FDF746FAFFF743FBAD49FFF7D8
:105310003DFC054640462946FDF7A4FAAA49044645
:10532000404644E097F8DD03002800F0348101286E
:1053300040F0988300202FE197F8E603811C1A289B
:1053400088BF0521AAE097F8C403002840F08A83AB
:10535000DFF89418FFF76BFC00F06382002840F040
:105360004983BC699949FFF77BFC002800F028833A
:10537000FFF774FB27E397F8CD03012800F0328193
:10538000002840F06F83BD698C49FFF736FD8C49DA
:10539000FDF700FAFFF7FDFA8D49FFF7F7FB054629
:1053A0004046FFF799FA044640464FF07E51FDF71C
:1053B00067F9002C08BF284632E197F8E613481F2A
:1053C000362800F2F882DFE810F037004D03E406DB
:1053D0004D03DD064D03F1064D03A3064D03C40640
:1053E0004D03B4064D030E074D03EE064D0315079E
:1053F0004D03EB064D034D034D03F7064D03240704
:105400004D031B074D034D034D034D034D034D034A
:105410004D034D034D032D07AD0639074D03D4064B
:105420004D03BB064D0305074D0336074D034D03E2
:105430004D034D034D03F8021D2087F8E603FFF7E7
:105440005FFC08BF97F8CB03ACE197F8C4030028D2
:1054500040F00883DFF89017FFF7E9FB00F0EB81DD
:10546000002840F0EB82BC695949FFF76AFB00282D
:1054700000F0CA825449FFF767FBC8E297F8D203ED
:10548000002800F0CF80012840F0EC820020CAE024
:1054900097F8E603811E062838BF1B2187F8E6131C
:1054A000E0E297F8C603012800F0C280002840F02F
:1054B000C28097F8C203012800F2BD800220B8E044
:1054C00097F8CC03012800F0E280002840F0CA825F
:1054D000FFF716FC40F061810120002187F8CC0322
:1054E00040F2FF10A7F8CA03DFF8FC0680F830107E
:1054F000B8E297F8DB03012800F0D880002840F0DC
:10550000B1820120D3E097F8D503012800F0D480C0
:10551000002840F0A7820120CFE0411F372901D3A6
:10552000812804D197F8E80308B9042030710120DC
:1055300014E5786B27493C6AFDF7A2F82649054631
:10554000FFF702FBFFF763FC0BE0786B23493C6A33
:10555000FDF796F822490546FFF7F6FA0446FFF7ED
:1055600089FB002818BF254628467D634EE00120B0
:1055700087F8CD0387F8CF0374E2386A18497C6B4B
:10558000FDF77EF8054620462946FDF76BF90E49E2
:105590008046204633E0012087F8DD0362E200BF49
:1055A000000020420000F0410000A0410000BE4386
:1055B0000000C8430000AF43E803E80300001041C7
:1055C0000000A0400000C8C2000080BF0000FA43F5
:1055D0000000C8420000204100005443000020C1E8
:1055E000000054C3386AE3497C6BFDF749F805466F
:1055F0002046FFF771F9804620464FF07E51FDF7B7
:105600003FF8B8F1000F08BF284678634FF04241D9
:10561000FDF736F8D849FDF78BF8D849FDF7BAF809
:10562000F8621FE2012087F8D00387F8D20319E25D
:10563000032087F8E603DFF8740D90F82F10012996
:1056400009D100214FF60172A0F82F10A7F8C92345
:1056500080F8311010E0002180F8311097F8C9135C
:10566000022909D14FF47A71A7F8BC13FF2180F801
:105670002D1007F19C0007E0C148C7F89C000020EE
:10568000A7F8BC0307F1A000BD490160EAE1FFF7FC
:1056900037FB40F08480FF210020A7F8CA13DFF811
:1056A0000C1D87F8CC0381F83000DBE1002087F87F
:1056B000D90387F8DB03D5E1002087F8D30387F807
:1056C000D503CFE1386AAF49FCF7DAFFAE49FFF7FF
:1056D0007FFA10B9AC4C0020786220464FF042416E
:1056E0003C62FCF7CDFFA449FDF722F8A349FDF782
:1056F00051F8B86197F8B813032900F2B081FFF7A9
:105700009CF9DFE811F0AF01AA01A501A8013C6AEC
:105710009E49FFF716FA00286AD09D49FFF714FA50
:1057200069E00120FFF718BC97F8DF030138032870
:105730003FF6EEACDFE810F004007A044E045504A6
:10574000FFF7D6FAE4E40420FFF706BC97F8DD0380
:10575000012800F00B8100287FF4DAAC172026E145
:1057600097F8DC03012871D10220B9693A6A87F8F9
:10577000DC038348C7E90B10C7E90D20C8E40238F1
:105780000228BFF4C5AC0620FFF7E6BB02380228AA
:10579000BFF4BEAC0520FFF7DFBB012000E0002016
:1057A00087F8C90387F8CC035CE10A20FFF7D4BB74
:1057B0001720FFF7D1BB0F20FFF7CEBB1320FFF759
:1057C000CBBB97F8DC0300287FF4A2AC2F2087F82E
:1057D000E603012076E0012087F8D6032C20E6E0DE
:1057E000002087F8D6032B20E1E01420FFF7B4BB9C
:1057F000002078625F48FFF7B0F95F49FCF798FF37
:105800005E49FCF7C7FFB86197F8B813032900F2A7
:105810002681FFF712F9DFE811F0250120011B01B5
:105820001E013C6A5849FFF71BFA002800F0D68099
:10583000FFF714F9D5E03C6A4E49FFF782F90028DA
:1058400000F0F0805349FFF77FF9EEE00120D7E93F
:105850000A4187F8DC034A48FFF7ACFA0146FFF734
:1058600073F94D49FFF7CDF94C4900281CBF0024BE
:10587000C4F2C8242046FCF7CBFF00281CBF00243C
:10588000CCF2C824BC62FFF743BCFFF745FA14D141
:105890000C20FFF761BB97F8E103FFF74DFA38BF23
:1058A000032041E097F8E3030138010608BF032015
:1058B00012E0FFF731FA00F0F18401287FF428AC00
:1058C000FFF743F887F8DC03FFF722BC97F8E30300
:1058D000FFF7CCF988BF012087F8E303C0B20328A3
:1058E00000F0C584022800F0C084012804BF012014
:1058F00087F8E203FFF70CBC97F8E50301380106CF
:1059000008BF032022E097F8DF030130C1B2042969
:1059100088BF012087F8DF03FFF7FABB97F8E103A0
:10592000FFF7A4F988BF022087F8E103C0B203287B
:1059300000F04B8302287FF4EBAB022000F046BB63
:1059400097F8E503FFF792F988BF012087F8E50390
:10595000C0B2032800F09984022800F08D84012849
:105960007FF4D6AB0120002100F088BC15203071F7
:1059700039201CE0000054430000A040000010410A
:1059800000007F43000048420000694400007D435E
:10599000000024C2000080BF0000C8420000C8C24E
:1059A00000000020CC17002008010020022087F80A
:1059B000E603FFF7ADBB812954D11920FFF737BBB0
:1059C0000020F86198489949B861FCF7B1FE984900
:1059D000FCF7E0FEFEF7DDFF38620BE000207862A6
:1059E0009448FFF7BAF89249FCF7A2FE8F49FCF7FA
:1059F000D1FEB86197F8B813032930D8FFF71DF826
:105A0000DFE801F0302B26290020F8618A48874919
:105A1000B861FCF78DFE8649FCF7BCFEFEF7B9FFC6
:105A200038620BE0002078628448FFF796F88049DE
:105A3000FCF77EFE7D49FCF7ADFEB86197F8B81320
:105A400003290CD8FEF7F9FFDFE801F00C07020587
:105A500007F1900001E007F194007949016000200E
:105A600087F8B80316203071DFF898482046FDF714
:105A7000E4F801462046FDF73BF80138092800F21A
:105A80007381DFE810F00A002300710171014B00FF
:105A90006B007F0013002C003C00FEF789FF7CD1D7
:105AA000FFF72EF914BF0120052026E0DFF8400D96
:105AB00090F82B10002940F05781012180F82B101D
:105AC000FEF776FF40F0798000207FE0FEF770FF60
:105AD0005ED1FFF715F914BF022006200DE097F8FC
:105AE000E60300F0FE00022840F03C8197F8C9036D
:105AF0000238B0FA80F040098000F07032E197F887
:105B0000E60300F0FE00022840F02C8197F8C9035C
:105B10000321022808BF0721F17023E197F8E6036B
:105B2000A0F1230106293ED9811E0229C0F01A8165
:105B30001B2800F0C3802F2800F0CB80372800F00E
:105B4000BF80392840F0AA8097F8C603002800F0EB
:105B50003882012840F00681032033E2FEF728FF57
:105B600040F002813749FF22C7F8BA133449C7F819
:105B70009C10DFF87C1CFEF705FF08BF0321FFF730
:105B800062F8F1E0DFF8680C002180F82B10EBE000
:105B9000411F16291DD80320E3E0411F162900F2FA
:105BA0005A800220DDE0DFE801F07B790479047996
:105BB00004002320FEF773FFD4E0411F372901D3EF
:105BC000812804D197F8E80308B904203071012036
:105BD000C9E01D381A2800F2C5800FF21401D1E87F
:105BE00010F000BFCC170020080100206C0000203E
:105BF0005B00C100BF00C100BD00C1003300C10097
:105C00003102C1004B02C1003802C100AB00B0003C
:105C1000B500C1002C02C100A900C100A700C1004D
:105C2000C100C100A50000BF0000FA430000104100
:105C30000000A040000069440000C8420000544336
:105C400000007F43E803E80397F8DF03013801060B
:105C500008BF042044E21D381A2800F28380DFE8E0
:105C600010F01B0081007F0081007D008100380260
:105C700081001202810023028100420281006B0038
:105C8000700075008100FF018100690081006700DC
:105C90008100810081006500092062E0012060E050
:105CA00097F8DF03013803285CD8DFE810F0040020
:105CB000C3019701BD01FFF71BF853E0042050E03A
:105CC00097F8DD03012800F0788100284AD11720D9
:105CD00078E197F8DC0301280AD10220B9693A6A11
:105CE00087F8DC03C048C7E90B10C7E90D2039E08D
:105CF0000120D7E90A4187F8DC03BB48FFF75AF8CF
:105D00000146FEF721FFB949FEF77BFFB84900289D
:105D10001CBF0024C4F2C8242046FCF779FD0028EB
:105D20001CBF0024CCF2C824BC621BE0172018E082
:105D3000142016E0132014E0012087F8D6032C204D
:105D400040E1002087F8D6032B203BE197F8DC03E5
:105D500040B92F2087F8E60301208AE10F2000E0F8
:105D60000A20307100203072F078072800F2C480D9
:105D7000DFE800F0047632491B8BA0604FF47A70A4
:105D80009C49FEF738FE9C49FEF784FF00281CBFA3
:105D90000024C4F22034FEF791FE00F2A880FEF742
:105DA0004CFEDFE801F0A7A29DA04FF47A70914964
:105DB000FEF727FE9049FEF7CDFD18B98E4C002066
:105DC000C7F8C000FEF78CFE00F29180FEF735FEAA
:105DD000DFE801F0908B86894FF47A708749FEF7EF
:105DE0000AFE8449FEF7F4FE00281CBF0024C4F21A
:105DF000A004FEF763FE00F27A80FEF71EFEDFE8E5
:105E000001F079746F724FF47A707D49FEF7F3FDFB
:105E10007849FEF7DDFE00281CBF0024C4F2A00470
:105E2000FEF74CFE00F26380FEF707FEDFE801F0AC
:105E3000625D585B4FF47A707149FEF7E2FD6D497F
:105E4000FEF7DFFE18B96B4C0020C7F8C000FEF764
:105E500047FE4CD8FEF7F1FDDFE801F04C47424524
:105E6000FEF767FDFEF7C7FD6349FEF713FF002845
:105E70001CBF0024C4F22034FEF720FE37D8FEF702
:105E8000DCFDDFE801F037322D30FEF752FDFEF782
:105E9000B8FD5949FEF75EFD18B9574C0020C7F808
:105EA000C000FEF71DFE22D8FEF7C7FDDFE801F0B7
:105EB000221D181B4FF47A705049FEF7A2FD4D4980
:105EC000FEF79FFE18B94B4C0020C7F8C000FEF744
:105ED00007FE0CD8FEF7B1FDDFE801F00C07020564
:105EE00007F1900001E007F194003F4901600020B4
:105EF00087F8B8030820F0707089013870810004B9
:105F000009D14FF47A707081DFF8E408C16DC7F8E9
:105F1000B0100021C165DFF8D858287888BB102060
:105F200001F08CFDA887A88FFCF76CFB354A364B37
:105F3000FCF7E1F9354BFEF7CCFC354A354BFCF765
:105F400033F9354A354BFCF748FA354BFEF7BEFCC2
:105F5000FCF726FD33490446B864FCF7E9FB254904
:105F6000FCF718FCFEF715FDE549F864FEF7E9FDBE
:105F700038B920460021FCF74BFC10B901203C60E9
:105F80002870286EE04C013028662069804794F81C
:105F90003500012809D194F8340018B1013884F88B
:105FA000340002E0022084F8350094F8440010B177
:105FB000013884F84400BDE8F081152030713920A3
:105FC00000E0022087F8E603CCE6032087F8E00330
:105FD000FFF79EB8FEF798FEFFF79AB8FEF794FE1B
:105FE000C0E60B20FFF737B900007F430000C8422E
:105FF0000000C8C20000A04000002043000080BF95
:106000000000A0C052B81E85EB510A400000303F8E
:10601000295C8FC2F528F4BF33E197FA7953713FB9
:1060200000001840000010410B20C3E5FEF758FEA9
:10603000FFF76EB8FEF754FE94E6FEF76DFE13D13F
:106040000C208EE697F8E103FEF776FE38BF0320BA
:106050001FE097F8E5030138010608BF032048E078
:10606000FEF75AFE00F02F8101287FF47BAEFEF789
:106070006CFC87F8DC0375E697F8E303013801064A
:1060800008BF032016E097F8E103FEF7EFFD88BF95
:10609000022087F8E103C0B2032800F0FB80022849
:1060A0007FF460AE0220F6E097F8E303FEF7DEFD32
:1060B00088BF012087F8E303C0B2032800F0FB800B
:1060C000022800F0EE80012804BF012087F8E203D7
:1060D00048E697F8DF030130C1B2042988BF0120E8
:1060E00087F8DF033EE697F8E503FEF7BFFD88BFBC
:1060F000012087F8E503C0B2032800F0E080022801
:1061000000F0D18001287FF42DAE01200021CCE0E9
:1061100097F8D603002800F0D880012840F0D880F6
:106120002C21D3E097F8D803012840F0818001208A
:106130007CE0312087F8E60397F8D303FFF7BFBA76
:1061400097F8D503012898BF87F8D3031120FEF7ED
:106150006EBFFEF7FAFB87F8DC0397F8C903012846
:106160007FF480AC91480121A0F82F104FF47F40BC
:1061700077E0FEF7D1FD00F0AF8001287FF472AC2C
:106180000220AAE0212087F8E60397F8D003FFF762
:106190004CBA1F2087F8E60397F8CD03FFF7EAB95A
:1061A0003B20FEF744BF3520FEF741BF042087F8AF
:1061B000DF032320FEF73BBF97F8CC03012800F054
:1061C000908000287EF432AFFEF79AFD40F0918077
:1061D00000208AE097F8DB03012898BF87F8D903ED
:1061E0001320FEF724BF332087F8E60397F8D9037E
:1061F000FFF75FBA002087F8DD033720FEF717BFEF
:1062000097F8D203012898BF87F8D0030920FEF73A
:106210000EBF97F8CF03012898BF87F8CD0307205A
:10622000FEF705BF97F8D80310B9002087F8D6030A
:106230000D20FEF7FCBE1520FEF7F9BE97F8DC0333
:1062400000287FF40FAC0F2087F8E603574890F83A
:106250002F1001297FF406AC0021A0F82F104FF673
:106260000170A7F8C903FFF7FDBB022000E003207F
:1062700087F8E203FEF74CBF0220012187F8E40310
:106280004A4880F82C10FEF743BF032087F8E40348
:10629000FEF73EBF032087F8E00363E50B20FEF71F
:1062A0005BBE022008E00220012187F8E4033F489A
:1062B00080F82C1056E5032087F8E20352E503200E
:1062C00087F8E4034EE50B204BE52B2187F8E61316
:1062D00087F8D803FFF7C6BB012087F8DC03FFF778
:1062E000C1BBFEF70DFD06D1012087F8CB03FEF7F9
:1062F0009DBE002000E0012087F8C903FEF796BE8E
:1063000000004842CC000020880100201848C169E4
:1063100041F08051C16117490A7842F004020A70C5
:10632000C16921F08051C161016841F00101016042
:1063300001688907FCD5416821F00301416041688B
:1063400011F00C0FFBD101680B4A114001600021D4
:10635000416041F61071C1624FF4801101634FF446
:106360001F01816005484FF000610160704700BF68
:106370000010024050700040FFFFF2FE08ED00E008
:10638000B0B5094C606880070CD52068800709D536
:10639000064D4FF07E51E86DFCF772F9E8656FF03D
:1063A00002006060B0BD00BF0C4C0140080100203D
:1063B0002DE9F04F85B0B34F3869C00700F05F8119
:1063C000DFF8408998F8E903012811D1DFF820941B
:1063D00099F8120001280FD1DFF83C4BAA4D666DE9
:1063E00029463046FCF73EFA68B965652E460AE054
:1063F0000024C8F840402CE1A44EDFF81C0B4FF0FD
:106400008141C0E914160096D8F81860A049FEF73B
:1064100087FC834698F8C903012818BFB346D9F80A
:1064200064005946FCF72CFA00287ED10025CA46A4
:10643000B94698498DF80B50ADF808508DF80750C3
:10644000D8F898703846FCF7E3F904465846FCF74C
:106450004EFA002C06464FEA900415D14A2C8DF8CE
:10646000075033D864204F460021D146ADF80800CC
:10647000DFF88C03FEF7D6FB13294CD8FEF7E7FABA
:1064800049D2FEF747FAF5E782493846FCF7EAF9C0
:10649000002568BB38460021FCF7BAF94F46D146C3
:1064A000E0BB00204A2C8DF8070024D8642000218E
:1064B000ADF80800D148FEF7B5FB132900F2608162
:1064C000FEF7C5FA27D2FEF725FAF4E74FF49670E7
:1064D0004F461421D146ADF80800C948FEF7A2FB8B
:1064E000272918D8FEF7B3FA15D2FEF713FAF5E705
:1064F0004F46D14612E04FF496701421ADF80800D3
:10650000BE48FEF78FFB272905D8FEF7A0FA02D276
:10651000FEF700FAF5E79DF80B10455C68B2C9F884
:1065200064B0FCF7D6F9C8F8D000B64E758D092DC9
:1065300016D896F82C0001F081FAFCF7D3F946F84A
:1065400025000446308D01357585FCF7CBF90146F1
:10655000FEF7FAFAFCF7CBF9A9B2B0FBF1F10CE0C7
:10656000308D0A24B0FBF4F1451A96F82C0001F0A6
:1065700065FA284481B2B1FBF4F130858808FCF754
:10658000B1F9D8F82810D8F8D040C8F80000FCF7C6
:10659000C9F82146FCF774F8064698F8C9030228A2
:1065A0000DD194480021C16681660166C165A9F8D4
:1065B0004C1089F81210C8F8401081652EE098F848
:1065C000C20318B198F8D913012919D18E49584638
:1065D000BA46FCF755F8074630463946FCF742F90B
:1065E00030B98A49FEF73FFBFEF770FB002853D015
:1065F00030463946FCF736F938B10025574615E0E4
:10660000012808BF002909D1CBE78049FEF72BFB01
:10661000FEF75CFB574608B1854D07E0D8F84040CF
:10662000204600210025FCF71DF910B92C46C8F8BA
:10663000405098F8C40360B16E480024C466846674
:106640000466C465A9F84C4089F81240C8F8404077
:10665000846598F8EB0320B920460021FCF702F985
:1066600010B90024C8F840402046FCF759F93864B6
:10667000386840F0010038606FF00100386105B003
:10668000BDE8F08F000C004000401C4600007A4638
:10669000000048420000A0415D49FEF7E4FA0146CF
:1066A0003046FCF7DFF830B95A49FEF7DCFAFEF75E
:1066B0000DFB002866D00020A9F84C0089F81200D4
:1066C00058463146FCF72EF84A4F3866386EB96E98
:1066D000FBF7D6FFB866554DB86EFEF7FDF800B96A
:1066E000BD66B86E00210024FCF7BCF800B9BC669A
:1066F000D7E91354386EF96DFCF714F87866204624
:106700003E6EB96EFCF714F8396F0490039104984B
:106710000399FCF77DF808B903980490049803994D
:1067200081F00041FCF790F818B9039880F0004020
:10673000049028463146FBF7FBFF0499FBF7A0FFC6
:106740000446796E0098FBF7F3FF2146FBF798FFAC
:10675000F866386EF865F86E796FFCF759F808B985
:10676000786FF866F86E796F81F00041FCF76CF88D
:1067700008B90020F866FC6E5746C8F840404FE75D
:106780000025CBE6B9F84C000130A9F84C0080B2E6
:106790003C2895D320490098FBF772FF164F04461A
:1067A0003946FCF75FF818B112480094446518E0C8
:1067B000104D286D6F65FCF7E0F8184A184BFBF791
:1067C000F3FC184B002204460F46FCF767F820B193
:1067D00020463946FCF7E4F800E0134828650648EF
:1067E0000090012089F812000020A9F84C0067E70A
:1067F000080100208801002000401C46DECF01086F
:10680000A4CF0108040E00200000C8420000C8C246
:106810000000A0400000A0C00000FAC49A99999915
:106820009999B9BF000008400000404000C82F47B8
:10683000007F3B472DE9F04102FB03F4069D002653
:106840004FEA4408DFF8BC44023D94F8D643012CDB
:1068500000F08B80002C40F028827F2D00F22582F2
:10686000DFE815F080004001320176012302840147
:1068700023028C0123029C012302B4012302800124
:1068800023029001230292012302AE01230294010C
:1068900023027801230274012302B6012302AA0114
:1068A00023027A012302960123029E0123027C0126
:1068B0002302A201230234013601A0012302C001F8
:1068C0002302B0012302B8012302A4012302A6017E
:1068D000230286012302AC0123025C012A01440148
:1068E0006E012302B2012302BA0123028E012302A8
:1068F00026012C013801520112012401BC0123029E
:106900002302A80170012302820123022801180139
:1069100060015E011C0158019801230272012302EB
:10692000C20123026A012302640166015A01460181
:106930004201300148012001880123022302C401E1
:1069400054016C0123024A010E017E0123024C0115
:10695000160168010A013C011A01230223021001F9
:106960004E019A014FF496269FE17F2D00F29D8102
:10697000DFE815F08000B800AA0064019B01660101
:106980009B0156019B0168019B016A019B017E01ED
:106990009B016C019B014A019B0158019B015A011B
:1069A0009B014C019B016E019B0170019B018001C9
:1069B0009B0182019B014E019B015C019B018401B3
:1069C0009B0150019B01AC00AE0072019B01520182
:1069D0009B018C019B018E019B015E019B0160016B
:1069E0009B0174019B0162019B01D400A200BC00C9
:1069F00090019B0146019B0176019B0148019B018F
:106A00009E00A400B000CA008A009C0078019B018F
:106A10009B017A0192019B017C019B01A0009000E7
:106A2000D800D6009400D00086019B0144019B0150
:106A300088019B018A019B01DC00DE00D200BE00C0
:106A4000BA00A800C000980094019B019B01960128
:106A5000CC009A019B01C200860054019B01C40036
:106A60008E00E0008200B40092009B01400188008B
:106A7000C60042019F4E18E1A64C04F5487614E189
:106A8000A84E12E1A04E10E1BD4C04F59C660CE14D
:106A9000A14E0AE1B44C02E09D4E06E1B14C04F572
:106AA000196602E1A34C04F5E176FEE0B34EFCE08A
:106AB000B44EFAE0AC4EF8E0B84C22E0B14C04F52C
:106AC000BD66F2E09C4EF0E08B4EEEE0BD4EECE099
:106AD000BB4EEAE0AB4C04F53D66E6E08D4C04F5B8
:106AE000C866E2E0854EE0E0944EDEE0AA4EDCE0CF
:106AF000934EDAE08F4ED8E08B4ED6E0874ED4E04E
:106B0000814C04F5E146D0E09D4ECEE0884C04F582
:106B10005256CAE0924EC8E08A4EC6E09F4EC4E08C
:106B2000904EC2E0904C04F59956BEE0874EBCE012
:106B3000854EBAE0774EB8E0B94EB6E0B74EB4E055
:106B4000C14EB2E0BB4EB0E0B74EAEE0CE4EACE0D0
:106B50006B4EAAE0CD4EA8E0C84EA6E0C44EA4E01D
:106B6000AD4EA2E0CE4EA0E0B14E9EE0D04E9CE0F5
:106B7000B74E9AE06F4C04F5617696E0CB4E94E008
:106B8000AE4E92E0C54E90E0C34E8EE0C04E8CE01B
:106B9000B94E8AE0A54E88E0C64E86E0C24E84E03B
:106BA000B44E82E0B04E80E0B04E7EE0AA4E7CE073
:106BB000A84E7AE0A04E78E0B14E76E0A34E74E0A5
:106BC000B44E72E0A64E70E09E4E6EE0B54E6CE0A4
:106BD000AC4E6AE0A14E68E0994E66E0674C04F561
:106BE000527662E09F4E60E08E4E5EE0504C04F5BF
:106BF0000C565AE0454E58E0864E56E0564E54E04C
:106C0000634E52E0604E50E07A4E4EE0764E4CE0DD
:106C1000704E4AE06C4E48E0674E46E0404E44E01D
:106C2000794E42E0724E40E0704E3EE0684E3CE0ED
:106C30005E4E3AE05C4E38E0594E36E0744E34E039
:106C4000724E32E06F4E30E06D4E2EE06A4E2CE018
:106C5000644E2AE0624E28E0584E26E0514E24E071
:106C60004A4E22E0444E20E0424E1EE03F4E1CE0E1
:106C7000624E1AE0594E18E0574E16E0534E14E09B
:106C8000364E12E0334E10E0314E0EE0494E0CE02D
:106C9000474E0AE03F4E08E0354E06E0244E04E041
:106CA000234C04F58C5600E0204E02440B44FDF7C3
:106CB000E5FF814D3146B8F1000F08BFBDE8F08116
:106CC0004646B8F5806F28460F4628BF4FF48066C9
:106CD000324603F075FA0024B44206D2285B00BAAB
:106CE000000CFCF761FA0234F6E7A8EB0608F1198C
:106CF000E1E700BF0481B700002F0D0080EF08001E
:106D0000806E1100CC1700206818BC0084C0BB0046
:106D1000104DB700ECEEB60064DDB600DCCBB6007B
:106D2000E897B600D25FB600A456B600F406B600E7
:106D3000E47AB500E065B5000043B5002020B50059
:106D400040FDB40060DAB40080B7B400A094B40091
:106D50009A7CB4008E4CB400A019B400D0E3B30008
:106D60003CC0B30000AEB3005091B3005669B3000D
:106D70006219B30088B3B2009894B2006072B20096
:106D8000386AB2008859B2006E9CB1003A22B00055
:106D900006A8AE000893AD00B237AD00C0C3AC008A
:106DA00050E7AA00CC6BA700A42DA4007CEFA000A4
:106DB00054B19D002C739A0004359700DCF69300C3
:106DC0008802910048AD8F003EDB8D002A378A0093
:106DD0001693860002EF8200E47D7F00BC3F7C00BA
:106DE000940179000023730000A46A00002562006A
:106DF00000A659000027510000A8480000294000C3
:106E000000AA3700002B2F0000AC2600002D1E002A
:106E100000AE15005815C300F463B60044B7B500C2
:106E20009464B4008834B400B8FEB300E8C8B3007A
:106E30005C41B30068F1B20078D2B20054DFB00018
:106E40002065AF00ECEAAD00243BAD00E00AA900EC
:106E5000B8CCA500908EA20068509F0040129C0004
:106E600018D49800F0959500C857920034098C000A
:106E7000206588000CC18400F81C8100D0DE7D00F4
:106E8000A8A07A008062770080E36E0080646600CC
:106E900080E55D008066550080E74C008068440016
:106EA00080E93B00806A330080EB2A00806C22007E
:106EB00080ED1900E838C10000020020BCB5154C77
:106EC0002068E06880060CD52068800609D56168D6
:106ED000114D05F12800C9B203F0FAF84FF48270A1
:106EE000A886E068400610D5206840060DD50A4DFA
:106EF0006FF040000DF10701206005F1380003F04C
:106F0000D4F818B1002085F84500BCBD9DF80700F5
:106F10006060BCBD0038014088010020FEE7000031
:106F20000648BFF34F8F064A016801F4E061114340
:106F30000160BFF34F8F00BFFDE700BF0CED00E025
:106F40000400FA0510B500EB40010A284FF00702D3
:106F5000084B28BF1E3902FA01F14FF00C0238BF6E
:106F60001022D4582143D150596B21F01F010843FE
:106F7000586310BD00240140014810210160704792
:106F8000141C01400148102101607047101C014091
:106F900018B3F0B50844511ABE4A4B1C990802F5C3
:106FA000A2640D462DB150F8046B013D36BA40C4C1
:106FB000F8E713F003030ED0002418250026A3429F
:106FC00005D0075D0134AF40083D3E43F7E702EBD3
:106FD0008100C0F81065BDE8F0407047AD4901F58B
:106FE000A262044918B108CA01380B60FAE70868C0
:106FF000704700BF0030024032490A68C2F3810383
:10700000314AF0B5DFE803F002380A380B6D9B0512
:1070100032D5CB6A9B0148BF2D4A2DE00B688C6AA4
:107020001B0C002C13D40C680D68C5F34175C4F318
:1070300083440DB90F2C43D12D0101352C44DB07BE
:1070400002D00B689B0300D5204A624314E08C6A8F
:107050008D6A8E6ADB071D4BC4F30314C5F3082544
:1070600006F0070603D00F68BF0358BF134604FAA3
:1070700006F26B43B3FBF2F2026016A40B68C3F393
:107080000313E35C174CDA4042600B68C3F302233E
:10709000E35C22FA03F3C3600B68C3F3C223E35C2F
:1070A0000424DA4082600B68096804EA9363C1F340
:1070B000813119440CA3595CB2FBF1F10161F0BDBF
:1070C0000225BBE70410024000127A0000093D00CF
:1070D000006CDC020000000000000000010203045C
:1070E000060708099CCF010802040608020C0810D4
:1070F0007CB5044600204FF6FF75C6B2152E09D8A0
:10710000301900F087FCADF80600B01CBDF8061081
:10711000A942F2D1BDF806007CBD00000B4A5368BD
:10712000DB0103D4536843F08073536008230328C2
:1071300008BF102301FA03F06FF47F4108BF6FF41A
:107140007F0113681940084310607047A000024097
:1071500002684BF6EF731A4002600A8903681A430B
:1071600002604A7C036802F0030223F4405343EABE
:1071700002320260CA7B036802F0030223F4406318
:1071800043EA822202608A7B036802F0030223F44E
:10719000407343EA022202604A7B036802F0010264
:1071A00023F0800343EAC21202600A7B036862F3A1
:1071B000861303600A7C036862F3451303604A89FF
:1071C00042600A6882604968C1607047016821F0C6
:1071D000010101600021016041608160C16040F2F5
:1071E000FF4100EA01020B49B2F5816F04D3D208D6
:1071F000902A0ED801F5806100F0FC0014220838B6
:10720000B0FBF2F00F22800002FA00F00A6810438F
:107210000860704704000240064907480A7822B90E
:107220004CF6CC42026001220A704AF6AA210160A3
:10723000704700BF000E00200030004010B5154C14
:1072400008480949FDF752FCFDF70DFCFDF76BFB03
:107250001349FDF726FD84F823141620BDE81040DD
:1072600003F068BA01000A18D103030810B5094CED
:1072700009480A49FDF73AFCFDF7F5FBFDF753FB1A
:107280000749FDF70EFD84F823141620BDE81040D1
:1072900003F050BAB40E002001000A1DD103020809
:1072A0000830024010B5214C226842F001022260F1
:1072B00001804FF4801000F017F8FDF7FBBA00BF13
:1072C00008480168C9071CBF0020704701684907CA
:1072D00044BF012070470068C0064FF0020058BF4D
:1072E000032070470C200240B0B50446FFF7E8FFCA
:1072F0000025013C45F1000118B911B1FFF7E0FF8D
:10730000F7E7B0BD10B5094C216841F002012160DA
:107310006060206840F0400020604FF08040FFF740
:10732000E3FF206820F00200206010BD1020024022
:107330002DE9F047DFF8709899F8EB0308B1BDE844
:10734000F087DFF8408998F801000328F7D8DFE8D4
:1073500000F002DD09B599F8E903002800F0FA8190
:107360000120F3E1664E98F80C10664FDFF844A652
:1073700006F1100011F0010508BF07F10E0099F8A1
:10738000C613D04706F11200002D08BF07F1100008
:1073900099F8CD13D04706F11400002D08BF07F16E
:1073A000120099F8D013D04706F11600002D08BF3F
:1073B00007F1140099F8D613D04706F11804002DF0
:1073C00008BF07F11604D9F82800FBF790FA014628
:1073D0002046D04706F11A00002D08BF07F118001B
:1073E00099F8D313D04706F11C00002D08BF07F110
:1073F0001A0099F8D913D04706F11E00002D08BFD6
:1074000007F11C0099F8C913D04706F12000002DA0
:1074100008BF07F11E0099F8E013D04706F12200DB
:10742000002D08BF07F1200099F8E213D04706F1BC
:107430002400002D08BF07F1220099F8E413D0477B
:1074400006F12604002D08BF07F12404FDF73AFCDD
:1074500001462046D04799F8C60388F8020099F8FB
:10746000CD0388F8030099F8D00388F8040099F850
:10747000D60388F8050099F8D30388F8060099F830
:10748000D90388F8070099F8C90388F8080099F823
:10749000E00388F80900D9F82800FBF728FAA8F8D3
:1074A000460099F8E20388F80A0099F8E40388F89E
:1074B0000B00FDF707FCA8F8480044E1104898F8D5
:1074C0000C2010492830D20708BF01F12600B8F877
:1074D0004A10FFF7E7FE0C48C16841F08001C16027
:1074E000012088F80100B8F84A000130A8F84A00E5
:1074F00098F80C00013088F80C00BDE8F08700BF58
:1075000000F0010802F8010804200240B8F83E002B
:10751000FBF7E8F90146D9F81800FBF7B1F90028A4
:1075200000F08C80B8F84000FBF7DCF90146D9F890
:107530009800FBF7A5F9002800F08080B8F8420019
:10754000FBF7D0F90446D9F86800FDF70BFB0028DB
:1075500074D0B8F84400FBF7C5F90546D9F88000A7
:10756000FDF703FB002869D0D9F86C00FDF7FAFAA3
:10757000002863D0D9F88400FDF7F7FA00285DD021
:10758000D9F87000FDF7EEFA002857D0D9F8880036
:10759000FDF7EBFA002851D099F8C60398F80210CD
:1075A00081424BD199F8CD0398F80310814245D11F
:1075B00099F8D00398F8041081423FD199F8D60386
:1075C00098F80510814239D1B8F84600FBF78AF9DE
:1075D0000146D9F82800FBF753F978B399F8D3039B
:1075E00098F80610814229D199F8D90398F8071024
:1075F000814223D199F8C90398F8081081421DD11E
:1076000099F8E00398F80910814217D199F8E2033C
:1076100098F80A10814211D199F8E40398F80B10F8
:1076200081420BD1B8F84800FBF75CF90146D9F864
:10763000BC00FBF725F900287FF481AEDC48DE4969
:107640000160DE490160D94998F80C000C468A4671
:1076500010F0010608BF04F500642046FFF752FE53
:10766000D9F81800FBF743F9D24FFDF7B4FA0AF145
:107670000204002E04BF4FF60204C0F60104D9F83C
:107680009800FBF734F9FDF7A6FA0AF10404C64D99
:10769000002E08BFAC1CD9F86800FBF728F9FDF7ED
:1076A0009AFA0AF10604002E08BF2C1DD9F88000B2
:1076B000FBF71DF9FDF78FFA0AF10804002E08BF49
:1076C000AC1DD9F86C00FBF712F9FDF784FA0AF14A
:1076D0000A04002E08BF05F10804D9F88400FBF75E
:1076E00006F9FDF778FA0AF10C04002E08BF05F13F
:1076F0000A04D9F87000FBF7FAF8FDF76CFA0AF102
:107700000E04002E08BF05F10C04D9F88800FBF721
:10771000EEF8FDF760FAD9F81800D9F87040D9F8FA
:107720008850D9F89860FBF7E2F8A8F83E00FDF71A
:10773000FAFAA8F84000FDF71EFAA8F84200FDF793
:107740005DFAA8F8440098F80100013088F80100BB
:10775000BDE8F087EA4C2046FFF7CAFC4FF6FF75FC
:10776000A84210D02046FFF7C3FCA8420BD004F17A
:10777000280000F04FF904468B48263000F04AF903
:10778000844205D80DE02046FFF7B2FCA84202D0A3
:1077900000F068F936E004F50060FFF7A9FCA842A4
:1077A00002D000F0AFF92DE085488749884B874A21
:1077B000884C0025012689F8D65389F8D06389F8CA
:1077C000CD5389F8C65389F8D95389F8D363C9F8DA
:1077D000285089F8E46389F8E26389F8C953C9F845
:1077E000BC007848C9F81810C9E92024C9E91A3141
:1077F000C9F89800C9F888007748C9F870000220D5
:1078000089F8E003D9F818407449FDF79AF918B9D6
:107810006B49FDF7ADF910B96B48C9F81800D9F8F4
:1078200098406F49FDF78DF918B96E49FDF7A0F939
:1078300010B96448C9F89800D9F8BC406849FDF708
:1078400080F918B96749FDF793F910B95C48C9F890
:10785000BC00D9F868406149FDF773F918B9584977
:10786000FDF786F910B95A48C9F86800D9F86C4094
:107870005A49FDF766F918B95149FDF779F910B978
:107880005148C9F86C00D9F870405449FDF759F9CE
:1078900018B94B49FDF76CF910B94F48C9F8700099
:1078A000D9F880404E49FDF74CF918B94D49FDF71C
:1078B0005FF910B94548C9F88000D9F884404849B3
:1078C000FDF73FF918B94749FDF752F910B941489A
:1078D000C9F88400D9F888404149FDF732F918B950
:1078E0004049FDF745F910B93648C9F8880099F8BC
:1078F000C6033349022824BF002089F8C60399F83B
:10790000CD03022824BF002089F8CD0399F8D003C5
:10791000022824BF012089F8D00399F8D603022851
:1079200024BF002089F8D603D9F82840FDF709F9CB
:1079300018B92D49FDF71CF910B90020C9F8280025
:1079400099F8D303022824BF002089F8D30399F8BB
:10795000D90310B1002089F8D903FDF79EF924BF9F
:10796000002089F8C90399F8E003043810F1030FE7
:107970009CBF022089F8E00399F8E203043810F173
:10798000040F9CBF012089F8E20399F8E40304384E
:1079900010F1040F9CBF012089F8E403012089F84D
:1079A000E903BDE8F08700BF02F8010800F0010814
:1079B00004200240A572000823016745AB89EFCD82
:1079C0000000C842000020420000BE430000A04169
:1079D0000000AF430000F0410000C8430000FA433C
:1079E000000020430000A0400000C8C210B5074CB2
:1079F0000749206840F001002060A64801604FF46C
:107A00008010FFF771FCFCF755BF00BF102002404B
:107A1000384B544181B00168D0F801008DF8001056
:107A20008DF801009DF801009DF8001041EA00204A
:107A3000ADF80200BDF8020001B0704710B5084C67
:107A40006FF002012160FFF77DFAA06840F480002A
:107A5000A06020688007FCD5E06C80B210BD00BF3C
:107A60000024014070B5264C4E4D2046A847FAF739
:107A700039FF4D4EB061A01CA847FAF733FFC6F896
:107A80009800201DA847FAF72DFFB066A01DA84753
:107A9000FAF728FFFDF7ACF9FAF724FFF06604F1D6
:107AA0000A00A847FAF71EFFFDF79DF9FAF71AFF3B
:107AB000306704F10E00A847FAF714FFFDF78EF9BE
:107AC000FDF787F9FDF780F9FDF779F9FDF75FF923
:107AD000FAF708FFB06204F11A00A847FDF752F95F
:107AE000FDF74BF9FDF744F9FDF73DF9FDF736F9E0
:107AF000FDF72FF9FAF7F6FEC6F8BC0070BD00BF1F
:107B000000F0010870B5264C264D2046A847FAF72C
:107B1000E9FE254EB061A01CA847FAF7E3FEC6F8BF
:107B20009800201DA847FAF7DDFEB066A01DA84703
:107B3000FAF7D8FEFDF75CF9FAF7D4FEF06604F127
:107B40000A00A847FAF7CEFEFDF74DF9FAF7CAFE8C
:107B5000306704F10E00A847FAF7C4FEFDF73EF9BE
:107B6000FDF737F9FDF730F9FDF729F9FDF70FF9C2
:107B7000FAF7B8FEB06204F11A00A847FDF702F95F
:107B8000FDF7FBF8FDF7F4F8FDF7EDF8FDF7E6F883
:107B9000FDF7DFF8FAF7A6FEC6F8BC0070BD00BF1F
:107BA00000F80108157A0008CC170020F0B58B7991
:107BB0000A88032B0AD05BB94979282913D01829E0
:107BC00012BF01F00F01026108210EE000210CE05C
:107BD0000C79C97903F0080304F0040401F00301EF
:107BE0002344194401E042610821130616D0002302
:107BF0000F240025082D11D022FA05F6F6070AD029
:107C0000076804FA03F627EA0606066001FA03F697
:107C100007683E43066004330135EBE7B2F5807F29
:107C200017D3120A00230F240025082D11D022FAA1
:107C300005F6F6070AD0476804FA03F627EA0606AF
:107C4000466001FA03F647683E4346600433013557
:107C5000EBE7F0BD0B4890F83B00012818BF7047D8
:107C600010B5094C09482060094820600948FFF711
:107C700049FBFFF7BBFEE06840F08000E06001F0E8
:107C8000ABFD00BF0801002004200240230167452E
:107C9000AB89EFCD00180008B8B1F8B50B4F04461A
:107CA0001E200D46B847064620744FF44870B8476A
:107CB00060740020B847A0742846B847E0743006C6
:107CC00004BF01202074BDE8F8407047B997000850
:107CD0002DE9F84FDFF89C9B99F8EB0308B1BDE85C
:107CE000F88F99F8E9030128F9D199F8C40300281D
:107CF000F5D1DFF884AB9AF80F0008BBDFF87C4BB6
:107D00000120DFF87C5B00218AF836008AF80F003A
:107D100004F11C00A84704F130000021A84704F139
:107D200044000021A84704F158006421A847DFF867
:107D3000544B64212046A84704F114000021A847B1
:107D400000200FF644314FF0020B4FF0040E4FF0BD
:107D500080784FF0030C0025062D00F08A8051F842
:107D600025301C689E88A768DC79042C59D83740D8
:107D7000BE1BB6FA86F677099E79DFE804F0033178
:107D80001A2A0D00BE4204D1D873188183F807B0B7
:107D9000988100245C8145E0BE4232D19A89DE7C24
:107DA000541C9C81EEB3A2B2B2423AD3988104240F
:107DB00038E0BE422BD11A891C7C01321A8192B262
:107DC000A2422ED39A7B01241881DC7101329A736E
:107DD00028E0BE421ED1002483F807B09C6021E059
:107DE000BE4225D11A895C7C01321A8192B2A2422C
:107DF00017D3DA7BAAB983F807E0C3F80C80032411
:107E000010E0002483F807B0DC731C810AE0002432
:107E1000DC7107E05A899C7C01325A8192B2A242FD
:107E200019D200240AEB0502013582F8784093E765
:107E30005A7C1C89588183F807B0944214D29C7BE9
:107E4000A4B1012C07BF83F807C00024D871987330
:107E500018BF05240AE09A7BD8719873013AB2FAE8
:107E600082F252095400DDE702249873D873188116
:107E7000D8E79AF87800022814D003283CD1FCF700
:107E8000ADFE39D1FCF7B6FE27D1FCF736FDC9F8B7
:107E90007400FAF7F5FBD449FAF74AFCD349FAF72C
:107EA00079FC1CE0FCF7F9FE26D0D148D149D9F87D
:107EB0008020FCF799FE0120FCF780FDD9F86800CE
:107EC000C9E90601C949FAF733FCC749FAF762FC68
:107ED000FCF75FFDC9F820000BE0D9F81800C9F8DD
:107EE0006800C448012489F8B843FCF78DFEC9F83E
:107EF0008000DFF8880904729AF8790003281CD002
:107F000002283DD1FCF7C9FE3AD0B948B949D9F8A1
:107F10008420FCF769FE0220FCF750FDD9F86C00C4
:107F2000C9E90601B149FAF703FCAF49FAF732FC97
:107F3000FCF72FFDC9F820001FE0FCF74FFE1FD112
:107F4000FCF758FE0CD1FCF7D8FCC9F87800FAF71A
:107F500097FBA549FAF7ECFBA449FAF71BFC01E0F3
:107F6000D9F81800C9F86C000220012489F8B80378
:107F7000A048FCF749FEC9F88400DFF80009047244
:107F80009AF87A0003281CD0022841D1FCF785FE1C
:107F90003ED097489749D9F88820FCF725FE032062
:107FA000FCF70CFDD9F87000C9E906018F49FAF712
:107FB000BFFB8D49FAF7EEFBFCF7EBFCC9F820009C
:107FC00023E0FCF70BFE23D1FCF714FE0CD1FCF7E9
:107FD00094FCC9F87C00FAF753FB8349FAF7A8FB35
:107FE0008249FAF7D7FB01E0D9F81800C9F8700008
:107FF0000320D9F89810012489F8B8037D4889F83E
:10800000BE43C9E92210C9E92400DFF870080472F0
:108010009AF87B00042808D002280DD1DFF85C080C
:10802000FCF782FD1DD1092105E0DFF85008FCF7BF
:108030007BFD34D1082181709AF87C00042809D096
:10804000022840F0DB80DFF83408FCF76DFD18D122
:108050000A21D2E0DFF82408FCF766FD2CD10B21C1
:10806000CBE099F8E413032962D0022949D0012911
:10807000E2D1FCF7F1FD47D0002181708AF82C1085
:10808000DAE799F8E413032974D0022945D00129CD
:1080900040F0B480FCF7E0FD42D0022117E099F8EF
:1080A000E413022916D00129C6D1FCF7D5FD14D05E
:1080B0000121817000208AE099F8E413022914D08C
:1080C000012940F09B80FCF7C7FD11D0032181708E
:1080D000002082E0FCF7C0FD6FD19AF82C10012936
:1080E0007ED00029A8D10121A5E7FCF7B5FD66D116
:1080F0009AF82C10012965D0002940F07F800321D7
:108100007BE0FCF7A9FD5FD19AF82C10012969D01A
:1081100000297FF491AF00218DE7FCF79DFD59D137
:108120009AF82C10012967D0002967D1022164E058
:1081300099F8B803FCF79AFD88BF012089F8B803C5
:10814000FCF7FAFD0FD8DFF86407DFF86427FCF7C7
:1081500047FC2649FAF7ECFA2349FAF71BFBFCF730
:1081600018FCC9F8200023482149FCF715FE8AF8BD
:10817000320061E799F8B803411E022838BF032195
:1081800089F8B813481EC1B202290FD8DFF81C07BE
:10819000DFF81C27FCF724FC1449FAF7C9FA124946
:1081A000FAF7F8FAFCF7F5FBC9F820001148104976
:1081B000FCF7F2FD8AF8320020E0052105E00121FC
:1081C0008AF82C10072118E00421817001208AF818
:1081D0002C0031E70621817001208AF82C000DE087
:1081E000052128E7042126E70000A04000001041F7
:1081F000E803E80300007F43062181709AF87D00C0
:10820000032837D0022840F0F680DFF870060021FE
:10821000017299F8E21303295DD0022950D0012997
:1082200040F0E9809AF80D10012958D0FCF735FD8F
:1082300000F0E18099F8B803FCF718FD88BF012031
:1082400089F8B803FCF778FD0FD8DFF86006DFF88F
:108250006026FCF7C5FBD249FAF76AFAD149FAF76A
:1082600099FAFCF796FBC9F82000CF48CF49FCF7F4
:1082700093FD9FE0DFF804060121017299F8E00305
:1082800003280AD0022840F0B680FCF706FD3DD254
:1082900089F8CB0309F2C9303FE099F8C9030028F7
:1082A00076D0012872D0022840F0A58099F8CB033F
:1082B000012800F09780002840F09780012092E08C
:1082C0009AF80D1001290AD0FCF7E7FC64D289F86E
:1082D000CB03022063E09AF80D10012939D1012166
:1082E0008AF80E105021416199F8E4139AF82C0095
:1082F000022915D001291BD10130C1B28AF82C0006
:10830000022924BF0021AAF80D1011E049D199F8E3
:10831000CB0389F8C90309F2CB300221017040E098
:1083200000284AD0012803D100208AF82C0004E05C
:10833000C0B201281FD0002845D19B48C9F8A00031
:10834000C9F82400C9F81C004FF47A70C9F8BA03C0
:1083500051E099F8C903002840D001283CD00228F8
:1083600043D199F8CB03012800F06F82002840F038
:108370006F8201206AE200208AF831004FF07A70A3
:10838000C9F8BA038848C9F89C0022E0002000E040
:10839000012089F8C9032EE003D199F8CB0389F8AD
:1083A000C9034FF47A70A9F8BC030020C9F8AC00E7
:1083B000C9F8C0008AF832001DE00020AAF80D00BC
:1083C00002208AF82C0078480021C9F8BA13C9F8AD
:1083D000A000C9E902000EE0002000E0012089F8B9
:1083E000C90302E0002089F8CB03FF2089F8CA0303
:1083F00000208AF83000DFF88454A8780B2800F2B7
:108400001382DFE810F00C00AA0068007B00370040
:10841000E300FB0092002C01500013011E00FCF74A
:10842000FCFA00F04A81002840F0E881D9F81840B1
:108430005F49FCF715FC002800F0A981FCF70EFB52
:10844000A9E14FF47A705B49FCF7E1FA5549FCF772
:10845000D8FB18B9534C0020C9F8C000FCF750FBFA
:1084600000F2DD81FCF7EEFADFE811F0DC01D70164
:10847000D201D50150204FF07E51FCF725FB4E492B
:10848000FCF708FC00281CBF0024C4F22034FCF7D1
:108490003DFB00F2C481FCF7D5FADFE811F0C3011F
:1084A000BE01B901BC01FCF744FAFCF7B0FA42493D
:1084B000FCF750FA18B9404C0020C9F8C000FCF78E
:1084C0001FFB00F2AC81FCF7BDFADFE811F0AB0155
:1084D000A601A101A401FCF7A0FA00F0D7800028B2
:1084E00040F03C81D9F818403449FCF72AFB0028B9
:1084F00000F015813249FCF727FB14E1FCF78DFAF7
:1085000000F0CF80002840F06181D9F818802D4913
:108510004046FAF7B5F82949FCF7BCFB002800F003
:108520002781A046C9F8184025E150202149FCF7D1
:10853000CBFA1C49FCF74CFB00281CBF0024C4F2FA
:10854000A004FCF7E3FA00F26A81FCF77BFADFE8AB
:1085500011F0690164015F016201FCF75EFA00F04D
:10856000B780002840F0D080D9F818001649FAF7F3
:1085700087F80F49FCF72CFB18B9D64C0020C9F836
:108580001C00C8492046C9F81840FAF7D1F8C44978
:10859000FAF700F9FCF7FDF9C9F82000B4E000BFD4
:1085A000000010410000A04000007F43E803E80302
:1085B0000000FA430000A0C0000020430000C842B1
:1085C000000080BF000020C1000020415020B449BD
:1085D000FCF77AFAB749FCF75DFB00281CBF0024C2
:1085E000C4F22034FCF792FA00F21981FCF72AFA5F
:1085F000DFE811F0180113010E0111015020AE49FE
:10860000FCF762FAA649FCF7E3FA00281CBF002435
:10861000C4F2A004FCF77AFA00F20181FCF712FA26
:10862000DFE811F00001FB00F600F9004FF47A706A
:10863000A149FCF7ECF99A49FCF7E3FA18B9984C10
:108640000020C9F8C000FCF75BFA00F2E880FCF7F4
:10865000F9F9DFE811F0E700E200DD00E0004FF497
:108660007A708F49FCF7D3F99249FCF773F918B97E
:10867000904C0020C9F8C000FCF742FA00F2CF800D
:10868000FCF7E0F9DFE801F0CEC9C4C7D9F8204013
:108690008B49FCF756FA002852D08749FCF754FA68
:1086A00052E0D9F820408549FCF74BFA002800F049
:1086B0007F808449FCF748FA7EE0D9F8204084495D
:1086C000FCF7CEFA002800F08B80FCF7C7F98BE0AE
:1086D000D9F820007D49F9F7D3FF7D49FCF778FAF6
:1086E00018B97B4C0020C9F8240020464FF04241C5
:1086F000C9F82040F9F7C4FF6949FAF719F8694940
:10870000FAF748F8C9F8180099F8B813032900F2E5
:108710008680FCF797F9DFE801F085807B7E0020FA
:10872000C9F81C0068485F49C9F81800FAF700F852
:108730005B49FAF72FF8FCF72CF9C9F820000DE097
:108740000020C9F824005E48FCF79AF95449F9F76B
:10875000EFFF5449FAF71EF8C9F8180099F8B81352
:1087600003295CD8FCF76EF9DFE801F05C5752553D
:108770000020C9F81C004B494046F9F7D9FF484989
:10878000FAF708F8FCF705F9C9F820001EE0002008
:10879000C9F81C004F484349C9F81800F9F7C8FF49
:1087A0003F49F9F7F7FFFCF7F4F8C9F8200025E096
:1087B0000020C9F824004248FCF762F93849F9F76B
:1087C000B7FF3849F9F7E6FFC9F8180099F8B81368
:1087D000032924D8FCF736F9DFE801F0241F1A1D1D
:1087E0000020C9F824003A48FCF74AF92C49F9F767
:1087F0009FFF2C49F9F7CEFFC9F8180099F8B81374
:1088000003290CD8FCF71EF9DFE801F00C0702057C
:1088100009F1900001E009F1940023490160002072
:1088200089F8B8030C20A8709AF80D0001287FF48D
:1088300056AA6869013868617FF451AA0020AAF835
:108840000D0050206861BDE8F88F002089F8CB0347
:108850004FF602710020A9F8C9134FF47A718AF813
:108860003000C9F8C000C9F8AC008AF83200A9F895
:10887000BC13C0E5CC170020080100200000002038
:10888000997C00086C0000201C00002030000020B3
:1088900044000020580000206C00002080000020D0
:1088A0000000A0400000104100007F4320A8000805
:1088B0002CA8000800002043000080BF00007D437A
:1088C00000005443000024C20000C8420000484297
:1088D000000069440000FA431CB50F4890F8EB1300
:1088E000012910D10D4C2078A8B9FAF78FFA102081
:1088F0000B4A98214FF478430090B020FAF713FC0C
:10890000012020701CBD90F8E903012803D1BDE8C7
:108910001C40FAF76FBC1CBDCC170020340E0020A1
:10892000CDCF010888B05248524E00F50061524840
:1089300040F8041C316841F0010131603168890759
:10894000FCD5716821F003017160716811F00C0FA2
:10895000FBD13168494A1140494A316000217160B8
:1089600041F61071F1624FF4801131634FF41F0131
:10897000B16014211160716A41F001017162716A84
:108980008907FCD5316841F48031316000213268BB
:10899000920304D44A1CB1F5405F1146F7D3316805
:1089A00089034FF00001F2D5316841F001013160D7
:1089B00031688907FCD57168482241F480317160C3
:1089C000716821F400317160F16A62F310210122B3
:1089D000F162F16A62F307110222F162F16A62F355
:1089E0000201F162F16A41F00041F162316841F047
:1089F0008071316031688901FCD57168042221F0F1
:108A0000F0017160716862F3CD217160716862F389
:108A10000A2102227160716D41F030017165716847
:108A200062F3010171607146FBF7B7FF8E46714634
:108A3000FBF7B3FF8E46716801F00C010829FAD1EB
:108A4000716D21F0300171657168C1F381010229F6
:108A500005D0E9B9716D890548BF316B18E07168BF
:108A6000F26A090C002A0DD4726872680DE000BF2A
:108A700000180008001002400CED00E0FFFFF2FEBD
:108A800000200240F26AF26AF26AC90718BF7168F0
:108A90007168FC4C0223FC4D4FF020087169A1461F
:108AA00041F001017161716941F040017161B16989
:108AB00041F00101B161B16941F00401B161B169F5
:108AC00041F00801B161B16941F01001B161B169D2
:108AD00041F02001B161B16941F08001B161B1693A
:108AE00041F40071B161B16941F48051B161B16982
:108AF00041F48041B161B16941F40021B161F16992
:108B000041F00101F161F16941F00801F161DF49D2
:108B1000625863F3124262504FF6FF02002401686C
:108B20001140DB4A1143016001680473016844731A
:108B3000016884730168C4740168047501688475F0
:108B40000168C1F30221CA1E81F0070138BF224625
:108B50000423042928BF19464FF0FF3303FA01F11B
:108B6000C94391400901C175016885F808444FF077
:108B70008071C5F8F0100168C6490C70C5F8F48022
:108B800000684C734FF48020C5F8F40001A8FEF78C
:108B900033FA2868C04F0DF1040A40F00400286041
:108BA0004FF47A700299B1FBF0F0514601386860D9
:108BB000AC60286840F003002860B848DFF8785BB4
:108BC000029042F2200001903846A84740F2CE3091
:108BD0004FF0180B514601903846ADF809B0A84740
:108BE00028205146CDF80480ADF80900AC488046F5
:108BF000A8474FF4C8505146ADF809B00190484617
:108C0000A847C0205146ADF809B001904046A8479A
:108C10001020A44AA44B41F6104BB9461021C8F8C5
:108C20001400404648F2100843F802804FF6FF72E5
:108C3000C7F814B09D4F5A619D4B04221A60CDE9CC
:108C400001175146A8478F485146CDE90187804614
:108C5000A84748465146CDE901B7A8474FF6FF70EF
:108C60005146CDE901079048A84704205146CDE977
:108C7000010709F58060A8474FF440404FF4417761
:108C8000514601904846ADF80970A8470120514669
:108C9000ADF8097001904046A847864DDFF8AC9AC0
:108CA0002846C84740F20110DFF8A4AA0394FBF756
:108CB0002CFE04904FF48040ADF80C0001A928462A
:108CC000D0476C60AC60EC6005F11407FBF7A5FFC2
:108CD0003846C8474FF48078CDE90344FBF715FECA
:108CE0003846ADF8108001A9D04702200921FEF7CF
:108CF00015FA7148AC6105F1280700F10C0BC5F8B5
:108D00001CB02C62686920F0010068613846C847D1
:108D10001020CDE90348FBF7F8FDADF80C0001A9E0
:108D20003846D04703200A21FEF7F8F9EC62C5F86F
:108D300030B06C63534CDFF8007AA86A20F0010071
:108D4000A8624FF4007006905C48079006AD80461C
:108D500020462946B8474FF4806029460690584877
:108D600007902046B84701A8FEF746F90398554AF0
:108D70004FF4E1314FF6FF7300EB80004000B0FB91
:108D8000F2F2B0FBF1F102EB8200A1EB400004280B
:108D90004D4888BF0132012550F8041C9943114405
:108DA00040F8041C016821F480510160416821F4FD
:108DB00040514160016841F008010160016841F0E3
:108DC00004010160016821F400710160016821F46F
:108DD00080610160816821F480718160816821F483
:108DE00000718160016841F400510160016841F047
:108DF00020010160016841F04001016033480195A4
:108E00000290254801A9B8477068314C65F38F304E
:108E10007060706820F080507060206840F400003E
:108E2000206054F8040C20F4807044F8040C20688E
:108E300020F002002060206820F400602060606A5A
:108E400020F4700060620A20FEF77CF8206820F0B1
:108E500000702060206840F460202060206840F4AA
:108E60008010206054F8040C20F4006044F8040CD6
:108E7000206840F001002060206840F00800206079
:108E800028E000BF0008014010E000E030F8FFFFDC
:108E90000003FA0525E400E0001001400004000191
:108EA000001C014014FCFFFF000C014000041002F4
:108EB0001414014008000240003001400004080280
:108EC00000040002009411000C380140000403016A
:108ED0000824014020680007FCD4206840F004000A
:108EE000206020684007FCD40220DFF84C98CDE9D0
:108EF0000108A54801A98246C8474FF08045A34F05
:108F00004FF0060B00240221286820F07000286032
:108F1000286820F440702860286820F080002860CD
:108F2000FF20B86213207862386940F00100386190
:108F3000786820F080007860386820F07000386031
:108F400001208DF818B0CDF81940ADF81D0006AA23
:108F50004FF0804001F0CAFA786920F4006078612F
:108F60007C63786920F480607861FBF756FEB8680E
:108F700040F00200B8600820CDE9010801A9504680
:108F8000C847834D4FF0020801270621286820F0CA
:108F900070002860286868F309202860286820F09D
:108FA000800028604EF6A710E8624D20A86268692C
:108FB00040F001006861A86820F08000A86068683F
:108FC00020F070006860286840F008002860ADF864
:108FD0001D708DF818B0CDF8194006AA284601F08A
:108FE00085FA2C64E86920F40060E861E86940F4DF
:108FF0008060E861FBF711FEE86840F00100E8607E
:10900000042001906348029001A95046C847624875
:10901000624ADFF84CE7DFF84CC7DFF84C37DFF87F
:109020004C57016821F070010160016821F4407122
:109030000160016821F0800101604EF65F21C1628C
:109040000B218162416941F001014161016A21F016
:1090500001010162016A41F002010162016A41F00D
:1090600008010162816967F30101DFF8EC76816133
:10907000816921F0F0018161816921F00C01816138
:10908000016A41F001010162016841F001010160E2
:10909000C16841F00201C16041484FF0FF31816079
:1090A000016821F0180101603E49C160016821F0AA
:1090B00060010160016821F080010160016841F0F8
:1090C00001010160384845F255510160416868F37B
:1090D0000201416040F6FF7181604AF6AA210160F9
:1090E0003248FC66BC663C66FC65BC654FF081415D
:1090F00038672F48C7E91321DFF87426DFF87416A4
:10910000C7E9083C7865DFF85406C7E9041EC7E9DB
:109110000625C0E9001E80F87840C0E90225C0E9B4
:10912000043C2448C8217867DFF84C06BA699047A8
:10913000BA69DFF848064FF47A719047BA69DFF8E8
:10914000400601219047BA69DFF8380605219047AB
:10915000BA69DFF8340632219047BA69DFF82C0685
:10916000C8219047BA69DFF828061E219047BA69DE
:10917000DFF8200605219047DFF81C06002128298A
:109180001AD044500431FAE70008014004000040BE
:10919000000C004000040001004C01400000FA43B4
:1091A00008300240B71DC1040030004000B8084735
:1091B00000C82F47007F3B470A210024DFF8B8BED4
:1091C0000125FA2280F82C108462C3484FF43371D1
:1091D000ABF86040CBF800408BF8C4438BF8C24337
:1091E000CBF83440CBE90A448BF8C053CBF82000CD
:1091F000CBF8180080460BF1EC00F9F72FFA4FF08E
:109200000130B649B64A4FF480798BF8DB43ABF8AE
:10921000D843ABF8D543ABF8D2538BF8CD438BF89A
:10922000C8438BF8B843CBF8B840CBF8B4408BF8C0
:10923000E8438BF8C6438BF8BE43ABF8BA43CBF890
:10924000B040CBF84840CBF84040CBF8E2030220D6
:10925000ABF8CF938BF8E10340F20120CBE91A1869
:10926000A049ABF8DF03A048CBE920211421CBF8BB
:1092700070009E48CBF844009D48CBF8BC009D4848
:10928000CBF8880040F20110ABF8E6030BF1980030
:10929000F9F7EBF99848ABF8E993984902688A42E4
:1092A0000AD19749974C616097496160FEF72AF8A7
:1092B000206940F080002061DFF8E01407F1280009
:1092C00000F0E4FEDFF8D81407F1380000F0DEFE0D
:1092D0008E4C0DF1040ADFF86054514604F500602D
:1092E000B864B06940F48050B061B06940F00400E7
:1092F000B061706940F0010070614FF48470ADF8A6
:109300000A002020019082488146A847402051460B
:1093100001904846A8478020514601904846A847FA
:109320004FF0100848465146CDF804808DF80A8069
:10933000A847B06940F48050B061E06920F4006053
:10934000E061206820F400402060206820F4804024
:109350002060206820F480602060206840F4007065
:109360002060206840F480702060206840F0040095
:109370002060606820F480706060206820F0380011
:109380002060206820F080002060206820F40060C9
:109390002060206840F002002060206840F001005A
:1093A0002060206840F0400020603220C9F8108022
:1093B00001F018FAE348E249DFF8AC5F40F80180B9
:1093C0009020A84700200026A8470020A84700209A
:1093D000A84700F0B9FE054600F0B6FEC9F81080B7
:1093E00040EA0520DFF8048F4EF617718842A8F88E
:1093F000540000F08F804EF61871884240F08C8047
:10940000D04ECF4C4FF01009662046F8049000F083
:109410009FFEC74D9920C5F8109046F8049000F0C3
:1094200097FE1420C5F8109001F0DCF900F06CFFF5
:1094300000F074FF860600F05BFF0546002E13D592
:1094400000F094FF022001F0CDF9BE48BC4940F87D
:109450000190E92000F07CFEB548C0F8109000F0C3
:1094600069FF052001F0BEF935B100F069FF052064
:1094700001F0B8F900F03CFF00F050FF054680060F
:1094800016D400F073FF022001F0ACF9AD48AC49EE
:1094900010244450112000F05BFE45F0200000F045
:1094A00057FEA348046100F045FF0A2001F09AF935
:1094B00000F062FE052001F095F900F02FFFC0F3E7
:1094C000401088F8330000F013FF06A8002108229E
:1094D00000F076FE20E000BF0000BE430000AF4376
:1094E0000000A0410000F0410000C84300007A44A1
:1094F0000000C8420000204200180008384B5441C8
:109500002301674500200240AB89EFCD00300140C8
:109510000008014088F833608B480424DFF8849207
:1095200004607820C8478348C0F81044F020C8473A
:1095300084494FF6FF709C4E0861D320B0479B4C86
:10954000A047A047A0470546A04740EA0520A8F845
:109550005600C020B047964D0F20A8470F20A847BF
:10956000C120B0470F20A847C520B0470020A8471A
:109570005720A8478020A847B120B047A020A8477F
:10958000B420B0470220A8473620B0474820A8475B
:109590003A20B0475520A8472120B0470020A847CF
:1095A000E920B0470020A847F720B047A920A847E6
:1095B0005120A8472C20A8478220A847E020B04788
:1095C0000020A8470920A8470C20A8470220A84748
:1095D0000E20A8470520A8472F20A8474620A847C7
:1095E0004720A8470420A8470E20A8470B20A847DB
:1095F0002D20A8473620A8470F20A847E120B047D4
:109600000020A84710204FF0100AA8471320A847B1
:109610000320A8471020A8470620A8473A20A847BB
:109620004620A8475120A8470620A8471020A84751
:109630000D20A8473320A8473720A8470F20A84768
:10964000B620B0470220A8472220A8473B20A847C1
:109650000120B8F8564088F83A0088F838003620DB
:10966000B04741F6631168208C4208BFC82046F617
:1096700004018C4208BFC820A8472A20B047002018
:10968000A8470020A8470120A847DF20A8472B2093
:10969000B0470020A8470020A8470120A8473F2046
:1096A000A8472C20B0477820C8471120B047C820D1
:1096B000C8472920B047F9F7A9FBC820C8471D486B
:1096C0001E4CC0F810A0A06880060DD5394AB02005
:1096D00098214FF47843CDF800A0F9F724FD1D49F7
:1096E000086820F040000860A0688006FCD4194992
:1096F00001244FF4F0724FF4A073086840F040006A
:1097000008600020002100948BF8EC03FDF792F82C
:10971000002000214FF4F0724FF4A0730094FDF785
:1097200089F84FF4FA7001F05DF878698047FCE73A
:109730000008014000100140AD7B0008001C014002
:1097400014FCFFFF000C014014140140CD7100080F
:10975000517100080030014088010020380E0020BF
:109760004DA6000881A60008ADA60008F1A50008D6
:10977000C5A50008DDA60008557C00081972000880
:10978000D9880008DD9700083173000801A8000897
:10979000D17C0008399C0008040E0020000600203F
:1097A000000A0020E5A70008C5310008512F000875
:1097B000A9310008CDCF010858B1F149142291F820
:1097C0003610002918BF1E2210440138B0FBF2F0F9
:1097D00000E0002080B27047FDF7A2FB2DE9F84FB2
:1097E000DFF8944894F8EB03002840F0248194F8C3
:1097F000E903012840F01F81D448006894F8C07341
:10980000C0F34039022F89F0010084F8C20355D01B
:10981000012F1FD0002F40F0878094F8D903002734
:1098200001286FD0002877D1B9F1000F04D194F846
:10983000C903022840F07C81CF490020012784F829
:10984000C073C4F8A400C4F89C006062E061C4F86E
:10985000BA1361E094F8D903C0B259EA000137D1D4
:1098600094F8C9630127022E5ED0C54800212568FF
:1098700084F8C37380F83210C2492846F8F700FF15
:10988000C149012E18BF2846F8F7ECFF00284BD13C
:10989000B4F8C40001270130A4F8C40080B2332812
:1098A00042D3002084F8EA03A4F8C40084F8C0037B
:1098B000C4F8A000B5480772002735E0E06D00212C
:1098C000F8F7DEFFC8B9B9F1000F28D102272BE065
:1098D000012826D00127B9F1000F25D094F8C30341
:1098E000012821D1A448C4F8BA03002084F8C30396
:1098F000A248C4F89C00E06116E0B9F1000F10D155
:1099000000270FE04FF47A706762E7610127A4F83F
:10991000BA03012084F8C003FBF712FA04E0002028
:10992000E065012784F8C073DFF8D0BE9BF814000F
:1099300058B1B9F1000F75D194F8D903002871D14D
:10994000FBF7FEF984F8C4036AE094F8C90302281F
:109950000FD1D4F8B0008F49F8F776FF002861D115
:10996000FAF7C4FFB0F5FA7F5CD9FBF7E9F90320F9
:1099700053E0B9F1000F03D194F8D903012846D17F
:10998000D4F80080824D40462946F8F75DFF8246B4
:109990004046FAF7A1FF7C4906464046F8F762FFC9
:1099A0000546002818BF0125002E18BF0126BAF170
:1099B000000F0AD174494046F8F72AFF28B9D4F8B5
:1099C000B0007449F8F740FF08BBFAF78FFF7E2814
:1099D00028D3FEB1B0F5FA7F24D9D4F8B0006D4990
:1099E000F8F732FF0028C0D0E5B9A0696A49F8F756
:1099F0002BFF40B9D4F8D0104046F8F741FE624939
:109A0000F8F730FF70B9FBF79BF901209AE7FBF7F5
:109A100097F907E0FBF794F9022084F8C4030120CA
:109A20008BF814009BF8100038B15D48AA21016042
:109A300094F8C40330B1BDE8F88F94F8C40330B192
:109A4000012000E000208BF81000BDE8F88F94F8AA
:109A5000C903022805D101208BF81100D4F8BC00FD
:109A600058E0012F13D0002F48D124685249FBF74A
:109A7000F7F89BF8115000286AD14349FBF778F8B2
:109A8000002865D1002DD6D14548322168E0B9F1D2
:109A9000000F37D194F8D90390BB9BF811003F49D0
:109AA000012804BF00208BF8110025682846F8F72C
:109AB000BDFE3B4E002856D033492846F8F7B6FE87
:109AC000002855D135492846F8F7BEFE00284FD169
:109AD0002846F8F752FF344A344BF8F70CFCF8F7F5
:109AE0005FFFC4F8B400F8F748FF314BFAF7F1FE16
:109AF000304BFAF7EBFEF8F727FF3AE094F8D9037A
:109B0000012898D19BF8110010B901208BF81100A1
:109B1000D4F89800F8F731FF254BFAF7DAFE254B19
:109B2000FAF7D4FEF8F710FF1D490860BDE8F88F7A
:109B30001348C17C31B90021C4F8A410C4F89C10AA
:109B40000121C17484F8C073E6E600BF081001402B
:109B5000002D7FF470AF012000218BF81100104818
:109B60000160BDE8F88F0F48C4F8B400752000E02C
:109B700000203060BDE8F88FE803E80300007F4371
:109B800008010020000048C200008C4200000020B4
:109B9000000016440000A0420000164300007A4373
:109BA000380000400000C8429A9999999999D93F84
:109BB0000000EC3F00003E4000007042D0B3F0B522
:109BC0000478562C34D1002405460C7015F8016F2A
:109BD000A6F13007FFB2092F07D804EB840006EB8B
:109BE0004000A0F130042846EFE72E2E20D10021BE
:109BF0000230117010F8014BA4F13005EEB2092EBD
:109C000005D801EB810105EB41011170F2E72E2C23
:109C10000ED10021197010F8012BA2F13004E4B22A
:109C2000092C05D801EB810102EB41013039F1E744
:109C3000BDE8F040704700002DE9FE4FDFF81864E2
:109C4000B6F84E00411CB6F85000A6F84E1089B286
:109C500001300529A6F85000C0F08580707DC0BB9A
:109C600006F1160106F1170206F118030FF2EC30A7
:109C7000FFF7A4FF06F1190106F11A0206F11B0312
:109C80000FF2E030FFF79AFFD748DFF8F04A0422DE
:109C9000016821600021102A05D0431801311B7A88
:109CA000A3540132F7E7DFF8D00A4FF4817100F5D1
:109CB000A260F8F7DAFC201D00210C22FDF768F9FC
:109CC0000320FDF78BF9C949FAF7E4FE0121B066DC
:109CD0007175DFF8A0532878022831D001282BD0E5
:109CE000E0BBE24C0A20B16E84F816040120A4F80F
:109CF0001404E248C4F81004F08AA4F81704B06908
:109D0000C4F8190408BA4FF48171C4F81D0404F5AD
:109D1000A260F8F7AAFC04F5826001211022FDF789
:109D200037F9FAF700FED249FAF7BBFF162084F89C
:109D3000231400F0FFFC0FE0012086F83B000BE04D
:109D4000CD48012180F8EB13C84840F20C410130A6
:109D5000F8F78BFCFDF78AFA032028700020A6F89C
:109D60004E00B6F8500080B2642846D3C24890F83E
:109D7000EB1300293ED1BD4C062190F8CD0384F8A9
:109D80001614012184F81A04306FA4F81414BC4985
:109D9000C4F810140021A4F81B14F8F7A8FD84F8E7
:109DA0001904B6F874004FF4817100BA000CA4F8DD
:109DB000170404F5A260F8F758FC04F5826001214D
:109DC0000C22FDF7E5F80320FDF708F9A849FAF79A
:109DD00061FE010E84F8200484F81D14010C84F83F
:109DE0001E14010AF02084F82104122084F81F14A4
:109DF00000F0A0FC0020A6F8500000F07FFC9B4D76
:109E00001628A5F80E0446D16878D12840D1A87D3F
:109E1000F0283DD1FAF738FF681C01211022FDF728
:109E2000B7F8FAF780FD9249FAF734FEA97CB1EB56
:109E3000106F2DD1EA7CC0F307418A4228D1297DD9
:109E4000C0F30722914223D1697DC0B281421FD164
:109E5000AA78E9786879012A08BF012909D0022A7D
:109E600008BF01290AD0032A08BF01290BD000BF6F
:109E70000EE00028F3D17F48002108E00028F2D14D
:109E80007C48012103E00028F1D17A4802210170C9
:109E90000020A5F80E04784890F8EB03012840F064
:109EA000CA8000F02BFC40F20C41A5F80E04884259
:109EB00040F0C1806878D12840F0B38095F80C0458
:109EC000F02840F0AE80FAF7DFFE681C012140F276
:109ED0000642FDF75DF84FF48170FDF77FF86449A5
:109EE000FAF7D8FD95F80814B1EB106F40F099809F
:109EF00095F80924C0F307418A4240F0928095F812
:109F00000A14C0F30722914240F08B8095F80B149D
:109F1000C0B2814240F08580F06E05F1080B594DCA
:109F20004FF4806A04466FF31F34C4F58057B7F5C9
:109F3000806F28BF57460290000B4FEA003801900F
:109F400028464FF48052414600F03AF905EB0409E7
:109F5000BFB238464946E8B111F8012B0138FF2A53
:109F6000F9D000F003FA00F0E5F9F1481021416062
:109F70004EF61871B6F85400884212D196F83300A4
:109F800078B1212000F0E4F84FEA186000F0E0F822
:109F9000444612E0029C58463A46214600F0F0F949
:109FA0002EE0202000F0D4F8B6F854004EF61871D8
:109FB00044468842344808BF0440EB4EC4F307408F
:109FC000B047C4F30720B0470020B047EB4810214A
:109FD000016000F0AFF93846594648B111F8012B3D
:109FE000013809F8012BF8E7E0F7FF1F08300240BD
:109FF000244841464FF4805200F0C2F9029C164EAC
:10A00000BA45019819D0AAEB070A3C44BB444FF467
:10A010008057BAF5805F029438BF5746013000245C
:10A020008BE7FDF70BF9681C40F20C41F8F71DFBBC
:10A030000020A5F80E04BDE8FE8FF06E00F58060EC
:10A04000F066FDF713F9094DE8780428EBD11420E8
:10A0500000F0C8FBFFF7C0FB0801002056312E308E
:10A060002E39000056312E302E310000B40E002063
:10A070000830024004010020CC170020D101010863
:10A08000D1010208BC1B002000F0FF00816000210C
:10A090004FF480630022016083809A4228BF70479A
:10A0A0008368995401328388F7E742880388934292
:10A0B00004BF0220704783689A5C0A7042888188D6
:10A0C0000132B2FBF1F303FB112141800020704704
:10A0D000B0B502888388541CB4FBF3F505FB134329
:10A0E0004488A34204BF0120B0BD8368995402880C
:10A0F00081880132B2FBF1F303FB112101800020C2
:10A10000B0BD0000E0B500218DF804104FF6FF71DE
:10A1100000910121102808BF02218DF807104FF08F
:10A12000180108BF042110388DF80510B0FA80F02E
:10A130006946400900018DF806000248FDF736FD2A
:10A140008CBD00BF000C0140A52000F001B800004C
:10A15000E2490A6822F002020A600A6822F001025B
:10A160000A6088604868C007FCD088684A681206A0
:10A17000FCD4C0B2704700BFF8B500F0CFF8044679
:10A18000800617D400F0F2F8D34DD74F10261120D7
:10A190006E60B84744F02000B8472E6000F0CAF85F
:10A1A000B7206E60B8472E6000F0C4F800F0B6F833
:10A1B000800603D5CB48012180F83310F8BD00BFDD
:10A1C0002DE9F04F87B0C74C4EF6187590460E46F5
:10A1D0000090B4F85470AF420DD194F8330008B930
:10A1E000FFF7CAFF0020B0EB166F04D100F080F833
:10A1F00008B100F0A5F8B8484FF0100AC0F804A064
:10A200000320AF4206D194F8331019B11320FFF7A1
:10A210009FFF300EB44CA047C6F30740A047C6F3DB
:10A220000720A047F0B2A047AD4CA5208DF81B0039
:10A2300004F11C0B5846FCF7C9FF04F130073846FF
:10A24000FCF7C4FF0DF11B00A44DADF80CA00DF1FF
:10A25000040A4FF00009ADF80E8002904FF44070F0
:10A260005146CDF8109005F10806ADF814003846B7
:10A270000196FCF76DFF00985146ADF80C90ADF8D3
:10A280000E80CDE901604FF4807004904FF440706F
:10A29000ADF814005846FCF75BFF286840F0020058
:10A2A0002860FAF7BAFCE06940F00100E061206B39
:10A2B00040F00100206320688006FCD520208649FC
:10A2C0006060E06920F00100E061206B20F0010097
:10A2D0002063286820F002002860286820F0010030
:10A2E00028601020086007B0BDE8F08F080100204A
:10A2F000B0B5794C1025C820FAF718FBFFF724FFFA
:10A3000000F001002560B0BDB0B5734C10250520EC
:10A31000FAF70CFBFFF718FF2560B0BDB0B56E4C27
:10A3200010251520FAF702FBFFF70EFF2560B0BDE0
:10A330001008014080B5FFF7E7FFC007FBD180BDE3
:10A3400070B5654C684E102550206560B04725609B
:10A3500000F00CF8C5206560B0470020B0472560CC
:10A36000BDE87040FFF7E6BF51A10008B0B55A4CF8
:10A3700010250620FAF7DAFA2560B0BD1008014072
:10A380002DE9F04F87B08A46C9B2534E544D554F10
:10A3900093464FF01009C1F580744FF0FF31A2428F
:10A3A00098BF144611FA84F2FF2A00F284800090CC
:10A3B000FFF7DCFFC6F8049002204EF61872B7F8DB
:10A3C0005410914207D197F8331021B11220FFF7B2
:10A3D000BFFE4FEA1A60444EB047CAF30740B04789
:10A3E000CAF30720B0475FFA8AF0B04705F11C07AF
:10A3F0003846FCF7EBFE05F130063046FCF7E6FE8A
:10A400000DF11B000021ADF80E4002903348ADF86D
:10A410000C1004918046083001904FF44070ADF864
:10A420001400384601AF3946FCF792FE03204FF086
:10A4300010093946ADF80E408DF815000120ADF831
:10A440000C90ADF81100009802903046FCF780FEA9
:10A45000D8F8000040F00200C8F80000D8F800006A
:10A4600040F00100C8F80000E86940F00100E86130
:10A47000286B40F00100286328688006FCD5202066
:10A480001649154E6860E86920F00100E861286B04
:10A4900020F001002863086820F0020008600868C6
:10A4A00020F001000860C6F80090FFF743FFD34F8B
:10A4B00000984FF0FF31A2B293450AD0ABEB020BEC
:10A4C000924410445C46BBF5807F28BF4FF48074F3
:10A4D00068E707B0BDE8F08F100801400430014084
:10A4E000000002400801002051A1000870B54FF49F
:10A4F00000735578947846688B4026EA03034360DE
:10A5000001F1090304FA03F344689BB22343436057
:10A510004FF4807344688B4024EA030305244360AE
:10A520004B00066A9C4026EA040401F10806046216
:10A53000B5404668ADB235430629456017D00429B9
:10A540000BD002291CD1816921F4407181611178FD
:10A550008569FAF7F3F9816112E0C16921F003011D
:10A56000C1611178C56961F30615C56108E0C1696B
:10A5700021F44071C1611178C569FAF7DFF9C16151
:10A5800008211679D578994024EA0101DC1C06FAE5
:10A5900004F44FF6FE763440214302249C40A1434C
:10A5A00043F0010405FA04F4A4B221430162547992
:10A5B00092799C4002339A40224392B21143016245
:10A5C00070BD00004C4A92F87830072B84BF012000
:10A5D000704710B55C1C03EB430382F8784002EB34
:10A5E000830290610020D183918382F8200010BD06
:10A5F00070B5414A144992F878300BB3042402F143
:10A6000018060C6000248C605C1C013C18D006F11C
:10A610000C05366886422E46F7D1581EC3B282F822
:10A6200078005B0053FA80F002EB8000D0E906234B
:10A6300045E9032390F8200005F8040C002000E011
:10A64000012004220A6070BD10E000E070B52A4CC1
:10A65000002694F8780004F11805864228BF70BDE2
:10A66000A98849B9297A012906D0E988A9802968E9
:10A6700011B1884794F878000C350136EDE700BF3A
:10A6800010B51D4A02F1180392F878200132013A00
:10A6900004BF012010BD03F10C041B688342234654
:10A6A000F5D1002004F8041C10BD00BF10B5124AFB
:10A6B00002F1180392F878200132013A04BF012018
:10A6C00010BD03F10C041B6883422346F5D1002022
:10A6D00024F8061C24F8081C10BD00BF064901F12F
:10A6E0001C0091F8781031B102880AB1013A028059
:10A6F00001390C30F7E77047380E0020F8B51F4FCE
:10A7000097F83500022812D11B48002607F12805CA
:10A71000441C28462146FFF7C8FC002804BF013628
:10A7200001340228F5D1002087F8350000E000262A
:10A73000B0B2F8BDF8B505460F48104E00F5826777
:10A7400006F138043DB139782046FFF7C1FC90B9D5
:10A75000013D0137F6E796F8450001280BD00DF1D1
:10A7600003012046FFF7A1FCB06C9DF80310416087
:10A77000012086F84500F8BDB40E002088010020B5
:10A7800070B514460D460646F8F750F8002818BF75
:10A790002E4630462146F8F765F8002818BF2646B1
:10A7A00028463146F7F7BEFF064620462946F7F70A
:10A7B000B9FF01463046F7F7EDFF4FF07E51F7F74E
:10A7C0005FFF0649F7F7B4FFF8F7D7F8044BFAF73D
:10A7D0007DF8F7F724FF283070BD00BF000052431A
:10A7E0000000E03F0549013028BF4FF0FF300A6EFE
:10A7F0000B6E9B1A8342FBD3704700BF08010020F9
:10A80000704702E008C8121F08C1002AFAD1704739
:10A810007047002001E001C1121F002AFBD17047E0
:10A8200034180020381800203C1800204C18002054
:10A830005018002054180020000000000000000004
:10A8400000000000000004040404040000040000F0
:10A8500014140A00000000000000000000000A0AB2
:10A860001F0A0A1F0A0A000000040E1505060C1430
:10A87000150E0400000012150D152E2C2A120000D2
:10A880000000040A0A36151529160000020201000C
:10A890000000000000000000100808040404040484
:10A8A000080810000204040808080808040402004C
:10A8B00000000004150E0E15040000000000000842
:10A8C000083E080800000000000000000000000032
:10A8D0000202010000000000003F00000000000034
:10A8E0000000000000000000000200000020101026
:10A8F000080804040202010000000E1111111111D8
:10A90000110E00000000040604040404040E0000FC
:10A9100000000E1111080402011F000000000E11BA
:10A92000100C1010110E00000000080C0C0A091F7A
:10A93000081C000000001F01010F1110110E000083
:10A9400000000C12010D1311110E000000001E106A
:10A95000080804040404000000000E11110E111177
:10A96000110E000000000E1111191610090600004A
:10A9700000000000040000000004000000000000CF
:10A980000004000000040400000010080402020497
:10A9900008100000000000003F003F000000000021
:10A9A00000000204081010080402000000000E114C
:10A9B000110804040004000000001C22292D2D1D94
:10A9C000221C0000000004040C0A0A1E12330000BE
:10A9D00000000F12120E1212120F000000001E11C2
:10A9E00001010101110E000000000F1212121212DB
:10A9F000120F000000001F120A0E0A02121F0000B0
:10AA000000001F120A0E0A020207000000001C12BA
:10AA100001013911120C000000003312121E121233
:10AA20001233000000001F0404040404041F00008B
:10AA300000003E0808080808080809070000371247
:10AA40000A060A1212370000000007020202020280
:10AA5000223F000000003B1B1B1B15151535000095
:10AA600000003B1216161A1A1217000000000E11F1
:10AA700011111111110E000000000F12120E02022E
:10AA80000207000000000E1111111117190E180015
:10AA900000000F12120E0A121237000000001E11E1
:10AAA00001060810110F000000001F150404040423
:10AAB000040E00000000331212121212120C0000D9
:10AAC00000003312120A0A0C0404000000001515DD
:10AAD00015150E0A0A0A000000001B0A0A04040ADF
:10AAE0000A1B000000001B0A0A0A0404040E0000EE
:10AAF00000001F0908040402121F00001C040404C3
:10AB00000404040404041C000002020404040808F1
:10AB1000081010000E0808080808080808080E00A9
:10AB2000040A000000000000000000000000000017
:10AB3000000000000000003F0204000000000000D0
:10AB40000000000000000000000C121C123C00007D
:10AB500000030202020E1212120E0000000000009A
:10AB6000001C1202120C000000181010101C12120F
:10AB7000123C000000000000000C121E021C00002D
:10AB800000182404041E0404041E00000000000039
:10AB9000003C120C021C221C00030202020E1212C4
:10ABA000123700000004040000060404040E000034
:10ABB00000080800000C0808080808070003020243
:10ABC000021A0A060A13000000070404040404041D
:10ABD000041F000000000000000F151515150000EF
:10ABE00000000000000F12121237000000000000E9
:10ABF000000C1212120C000000000000000F1212D4
:10AC0000120E020700000000001C1212121C103865
:10AC100000000000001B0602020700000000000008
:10AC2000001E020C101E000000000004041E04049C
:10AC3000041C000000000000001B1212123C000067
:10AC400000000000001B0A0A0404000000000000CD
:10AC50000015150E0A0A000000000000001B0A047F
:10AC60000A1B000000000000003312120C0804034D
:10AC700000000000001E0804041E00001808080858
:10AC8000080C080808081800080808080808080838
:10AC90000808080806040404040804040404060060
:10ACA0001609000000000000000000000000000085
:10ACB0000000000000000000000000000000000490
:10ACC0000404040404040400040000000000001252
:10ACD00012120000000000000000000000000088C8
:10ACE0008884FF4444FF2222220000000000107CE0
:10ACF0009612121C709092D67C1000000000001C6E
:10AD00002222A29C402020101000000000000038E9
:10AD1000444444381C2242C67C000000000000026B
:10AD20000202000000000000000000000000000817
:10AD300004040202020202020204040800000002EB
:10AD400004040808080808080804040200000004B5
:10AD50001F040A00000000000000000000000000C6
:10AD600000101010FE101010000000000000000085
:10AD700000000000000000000404040000000000C7
:10AD800000000000000F00000000000000000000B4
:10AD900000000000000000000400000000000008A7
:10ADA0000804040402020201010000000000007C0B
:10ADB00044828282828282447C0000000000002063
:10ADC000302C202020202020200000000000007CCB
:10ADD000C28080404020100CFE0000000000003CBB
:10ADE00042404038C08080423C00000000000040EB
:10ADF000605048444241FF4040000000000000FC19
:10AE00000404027E828080827C00000000000078C2
:10AE10008402027A8682828478000000000000FEAC
:10AE200040402020101008080800000000000078B2
:10AE30004682827CC68282C27C0000000000003C08
:10AE4000468282C6BC8080423C00000000000000B8
:10AE500000000200000000000200000000000000EE
:10AE600000000200000000000202020000000000DA
:10AE70000080700C020C70800000000000000000D8
:10AE80000000FE0000FE00000000000000000000C6
:10AE900000021C6080601C02000000000000007CBA
:10AEA000C68280402010100010000000000000C08A
:10AEB0003008846632121232E40418E000000020E8
:10AEC0005050508888FC040202000000000000FE80
:10AED000020202FE02020202FE000000000000F078
:10AEE0000C0402020202040CF0000000000000FE4C
:10AEF0000202020202020202FE000000000000FE46
:10AF0000020202FE02020202FE000000000000FE39
:10AF1000020202FE0202020202000000000000F033
:10AF20000C040202C202040CF00000000000000247
:10AF3000020202FE02020202020000000000000201
:10AF400002020202020202020200000000000040AF
:10AF500040404040404042423C00000000000002AF
:10AF6000824222322A4682020200000000000002D1
:10AF70000202020202020202FE00000000000002C1
:10AF8000060A0A1212A2A2424200000000000002B9
:10AF9000060A12222242820202000000000000F093
:10AFA0000C0402020202040CF0000000000000FE8B
:10AFB00002020202FE02020202000000000000F093
:10AFC0000C0402020202C40CF0000000000000FEAB
:10AFD00002020202FE42820202000000000000F8AB
:10AFE0000602063CC0000206FC000000000000FF54
:10AFF00010101010101010101000000000000002BF
:10B000000202020202020204F80000000000000036
:10B0100000834242642424181800000000000081CC
:10B02000414242222414140C0800000000000002D7
:10B030000488502050880402010000000000000134
:10B04000824444281010101010000000000000FE80
:10B050008040201010080402FF0000000000000ED5
:10B0600002020202020202020202020E00000001BB
:10B0700001020202040404080800000000000007A6
:10B08000040404040404040404040407000000008D
:10B0900008143622410000000000000000000000FB
:10B0A0000000000000000000000000FF000000029F
:10B0B000040000000000000000000000000000008C
:10B0C00000007C8280F886C2BC0000000000000204
:10B0D0000202324E828282463A00000000000000E6
:10B0E00000003C46020202463C00000000000080D6
:10B0F0008080B8C4828282C4B800000000000000D2
:10B100000000384482FE0284780000000000000E37
:10B1100002020F0202020202020000000000000010
:10B120000000B8C4828282C4B880C27C00000002E1
:10B1300002023A464242424242000000000000023F
:10B1400000000202020202020200000000000002EF
:10B1500000000202020202020202020300000002D8
:10B1600002028262121E22428200000000000002DF
:10B1700002020202020202020200000000000000BD
:10B1800000003AC642424242420000000000000075
:10B1900000003A46424242424200000000000000E5
:10B1A000000038C6828282C638000000000000001D
:10B1B00000003A46828282463A0202020000000003
:10B1C0000000B8C4828282C4B88080800000000081
:10B1D00000001A0602020202020000000000000045
:10B1E00000003C42063C40423C00000000000000E1
:10B1F00002020F02020202020E0000000000000024
:10B2000000004242424242625C0000000000000036
:10B210000000412222141408080000000000000071
:10B2200000002151528A8A8A0400000000000000B8
:10B230000000412214081422410000000000000018
:10B240000000412122221414180808060000000002
:10B2500000007F20100804027F000000000000189A
:10B260000404040404030404040404180000000299
:10B2700002020202020202020202020000000003B5
:10B28000040404040418040404040403000000007B
:10B290000000008E710000000000000000000000AF
:10B2A00000000000F000F8030C030C06060606067A
:10B2B000060606060606060606060C060C03F80336
:10B2C000F00000000000000000000000000000008E
:10B2D000000000000C000C000C000C000C000C0026
:10B2E0000C000C000C000C000C00000000000C0016
:10B2F0000C00000000000000000000000000000042
:10B300000000000036003600360026002200000053
:10B31000000000000000000000000000000000002D
:10B32000000000000000000000000000000000001D
:10B33000000000003006100610021002FF0FFF0F81
:10B34000080108010C01FF0FFF0F84008400C600F4
:10B35000C600000000000000000000000000000027
:10B3600000004000F801FC034C03460646006C0058
:10B37000F800F00340074006400646064E07FC036F
:10B38000F801400040000000000000000000000044
:10B390000000000038004C00C600C608C60CC604F9
:10B3A0004C0638020003000980098008C0086000CC
:10B3B000200000000000000000000000000000006D
:10B3C00000000000E001F803180318031803F0015F
:10B3D000F000F800CC09860F060F06060E0FFC0FD2
:10B3E000F800000000000000000000000000000065
:10B3F000000000000600060006000600060000002F
:10B40000000000000000000000000000000000003C
:10B41000000000000000000000000000000000002C
:10B420000000000020001000180008000C000C00B4
:10B430000C00040006000600060004000C000C00CE
:10B440000C00180018001000200000000000000090
:10B450000000000004000C0008001800100030007C
:10B46000300030003000300030003000300030005C
:10B470001000180008000C0004000000000000008C
:10B480000000000018001000FE0038003C002400FE
:10B4900000000000000000000000000000000000AC
:10B4A000000000000000000000000000000000009C
:10B4B000000000000000000000006000600060006C
:10B4C0006000FE07FE076000600060006000000092
:10B4D000000000000000000000000000000000006C
:10B4E000000000000000000000000000000000005C
:10B4F00000000000000000000000000000000C0040
:10B500000C0008000800040000000000000000001B
:10B51000000000000000000000000000000000002B
:10B52000000000003E003E0000000000000000009F
:10B53000000000000000000000000000000000000B
:10B5400000000000000000000000000000000000FB
:10B5500000000000000000000000000000000C00DF
:10B560000C000000000000000000000000000000CF
:10B57000000000003000300010001000180008002B
:10B5800008000C000C000400060006000200020087
:10B5900003000000000000000000000000000000A8
:10B5A00000000000F000F8030C030C060606060677
:10B5B000060606060606060606060C060C03F80333
:10B5C000F00000000000000000000000000000008B
:10B5D000000000008000C000F000F800DC00C000A7
:10B5E000C000C000C000C000C000C000C000C0005B
:10B5F000C00000000000000000000000000000008B
:10B6000000000000F800FC030E030606000600061A
:10B6100000038001C000700038001C000C00FE0711
:10B62000FE07000000000000000000000000000015
:10B6300000000000F800FC018C03060300038003F7
:10B64000E001E00300070006000606060E07FC0303
:10B65000F8000000000000000000000000000000F2
:10B660000000000080018001C001E001B0019801EC
:10B6700088018C018601FE07FE07800180018001A0
:10B680008001000000000000000000000000000039
:10B6900000000000F803F8030C000C000C00FC0193
:10B6A000FC030E0700060006000606060E03FC0358
:10B6B000F800000000000000000000000000000092
:10B6C00000000000F001F8030C0306060600F60176
:10B6D000FE030E0706060606060606060C03FC0316
:10B6E000F00000000000000000000000000000006A
:10B6F00000000000FE07FE07000300038001C000F9
:10B70000C000600060006000300030003000300099
:10B710001000000000000000000000000000000019
:10B7200000000000F000FC030C030C060C020C03EC
:10B73000F801F8010C030606060606060E07FC03D0
:10B74000F801000000000000000000000000000000
:10B7500000000000F000FC010C03060606060606C9
:10B7600006060C07FC07F806000606068C03FC011B
:10B77000F8000000000000000000000000000000D1
:10B780000000000000000000000000000C000C00A1
:10B7900000000000000000000000000000000C009D
:10B7A0000C0000000000000000000000000000008D
:10B7B0000000000000000000000000000C000C0071
:10B7C00000000000000000000000000000000C006D
:10B7D0000C00080008000400000000000000000049
:10B7E000000000000000000000040007C003F0009B
:10B7F0001C000E001C00F000C00300070004000045
:10B800000000000000000000000000000000000038
:10B81000000000000000000000000000FE07FE071E
:10B82000000000000000FE07FE070000000000000E
:10B830000000000000000000000000000000000008
:10B84000000000000000000002000E003C00F000BC
:10B85000800300068003F0003C000E0002000000A0
:10B8600000000000000000000000000000000000D8
:10B8700000000000F801FC030E07060600060007A2
:10B880008003C001600060006000000000006000F4
:10B890006000000000000000000000000000000048
:10B8A00000000000000FC00FF0003800180F8C0FD0
:10B8B000CC01C4006600660066006600E40CCC0F94
:10B8C0008C033800F000E00F800F00000000000043
:10B8D000000000006000E000E000B001B00198014D
:10B8E00018031803FC07FC070C06060C060C030CD7
:10B8F000030800000000000000000000000000003D
:10B9000000000000FC03FC0F0C0C0C080C080C0CD5
:10B91000FC07FC0F0C0C0C080C080C080C0CFC0FA2
:10B92000FC07000000000000000000000000000014
:10B9300000000000E007F80F180C0C080E000600CD
:10B9400006000600060006000C000C08380CF80F74
:10B95000E007000000000000000000000000000000
:10B9600000000000FC03FC0F0C0C0C080C000C0089
:10B970000C000C000C000C000C000C080C0CFC0F54
:10B98000FC030000000000000000000000000000B8
:10B9900000000000FC0FFC0F0C000C000C000C0061
:10B9A000FC0FFC0F0C000C000C000C000C00FC0F3A
:10B9B000FC0F00000000000000000000000000007C
:10B9C00000000000FC0FFC0F0C000C000C000C0031
:10B9D000FC07FC070C000C000C000C000C000C0019
:10B9E0000C0000000000000000000000000000004B
:10B9F00000000000E007F00F38080C000C00060003
:10BA00000600060E060E06000C000C003808F00FAB
:10BA1000E00F000000000000000000000000000037
:10BA200000000000040804080408040804080408CE
:10BA3000FC0FFC0F040804080408040804080408A8
:10BA400004080000000000000000000000000000EA
:10BA5000000000000C000C000C000C000C000C009E
:10BA60000C000C000C000C000C000C000C000C0076
:10BA70000C000000000000000000000000000000BA
:10BA800000000000800180018001800180018001B0
:10BA90008001800180018001860186018E01FC0009
:10BAA000780000000000000000000000000000001E
:10BAB000000000000C080C0C0C060C038C01CC00E0
:10BAC000EC00FC019C010C030C070C0E0C0C0C0C84
:10BAD0000C08000000000000000000000000000052
:10BAE000000000000C000C000C000C000C000C000E
:10BAF0000C000C000C000C000C000C000C00FC07EF
:10BB0000FC07000000000000000000000000000032
:10BB1000000000000C001C001C003C003C082C082D
:10BB20006C086C0C6C044C04CC06CC028C038C03AB
:10BB30008C01000000000000000000000000000078
:10BB4000000000000C080C081C083C0834086408BD
:10BB5000E408C40884098409040B040F040E040CCF
:10BB6000040C0000000000000000000000000000C5
:10BB700000000000E007F00F380C0C000C0006007D
:10BB800006000600060006000C000C00380CF00F42
:10BB9000E0070000000000000000000000000000BE
:10BBA00000000000FC07FC0F0C0C0C080C080C0833
:10BBB0000C0CFC0FFC070C000C000C000C000C0023
:10BBC0000C00000000000000000000000000000069
:10BBD00000000000E007F00F380C0C000C0006001D
:10BBE00006000600060006000C000C0F380EF00FD1
:10BBF000E00700000000000000000000000000005E
:10BC000000000000FC07FC0F0C080C000C080C0CDA
:10BC1000FC0FFC070C030C060C0E0C0C0C080C089B
:10BC20000C00000000000000000000000000000008
:10BC300000000000F003F80F1C0E0C080C000C00B4
:10BC4000F800F007000F0008060806081C0CF80FA3
:10BC5000F0030000000000000000000000000000F1
:10BC600000000000FF0FFF0F600060006000600038
:10BC700060006000600060006000600060006000C4
:10BC80006000000000000000000000000000000054
:10BC9000000000000408040804080408040804085C
:10BCA00004080408040804080C080C0C1C0EF8070F
:10BCB000F003000000000000000000000000000091
:10BCC0000000000003080608060C0C0C0C0C0C0607
:10BCD000180618061802300330032001E001E001C5
:10BCE000C000000000000000000000000000000094
:10BCF00000000000060E060E060E060B0C030C03D9
:10BD00000C01880198019800D800D000F000700064
:10BD100070000000000000000000000000000000B3
:10BD2000000000000E080C0C180E38063003E0016D
:10BD3000E001C000E001B003380718060C0E0E0C3D
:10BD400007080000000000000000000000000000E4
:10BD50000000000007080E0C0C0C18063806300313
:10BD6000E001E001C000C000C000C000C000C00091
:10BD7000C000000000000000000000000000000003
:10BD800000000000FE0FFE0F000E00078003800180
:10BD9000C000E0007000380018000C000600FE0F24
:10BDA000FE0F000000000000000000000000000086
:10BDB000000000001E001E0006000600060006002F
:10BDC0000600060006000600060006000600060043
:10BDD0000600060006001E001E0000000000000015
:10BDE000000000000300020002000600060004003C
:10BDF0000C000C00080008001800100010003000B3
:10BE00003000000000000000000000000000000002
:10BE1000000000001E001E00180018001800180086
:10BE20001800180018001800180018001800180052
:10BE30001800180018001E001E000000000000007E
:10BE400000000000180018003C00340024006600C8
:10BE50006600630000000000000000000000000019
:10BE600000000000000000000000000000000000D2
:10BE700000000000000000000000000000000000C2
:10BE800000000000000000000000000000000000B2
:10BE9000000000000000FF0FFF0F00000000000086
:10BEA000000000000E000C00080000000000000070
:10BEB0000000000000000000000000000000000082
:10BEC0000000000000000000000000000000000072
:10BED000000000000000000000000000F801FC036A
:10BEE0000E070006C007FC073E0606078607FE078A
:10BEF000FC06000000000000000000000000000040
:10BF0000000000000600060006000600F600FE0124
:10BF10008E03060306030602060306038E03FE01D4
:10BF2000F60000000000000000000000000000001B
:10BF3000000000000000000000000000F800FC010C
:10BF40008C01060306000600060006038C01FC01B6
:10BF5000F8000000000000000000000000000000E9
:10BF60000000000000030003000300037803FC034B
:10BF70008E03060306030603060306038E03FC0373
:10BF80007803000000000000000000000000000036
:10BF9000000000000000000000000000F000F803B6
:10BFA0000C030606FE07FE07060006000C07FC034E
:10BFB000F001000000000000000000000000000090
:10BFC0000000000078007C000C000C003E003E00E9
:10BFD0000C000C000C000C000C000C000C000C0001
:10BFE0000C00000000000000000000000000000045
:10BFF0000000000000000000000000007803FC03C7
:10C000008E03060306030603060306038E03FC03E2
:10C01000780300038601FE017C00000000000000A0
:10C02000000000000600060006000600E600FE0113
:10C030008E030E0306030603060306030603060328
:10C0400006030000000000000000000000000000E7
:10C05000000000000C000C00000000000C000C00B0
:10C060000C000C000C000C000C000C000C000C0070
:10C070000C000000000000000000000000000000B4
:10C080000000000006000600000000000600060098
:10C090000600060006000600060006000600060070
:10C0A0000600060006000700030000000000000074
:10C0B0000000000006000600060006008601C6001B
:10C0C000660036003E007E006600C600C60086019F
:10C0D00086030000000000000000000000000000D7
:10C0E000000000000600060006000600060006002C
:10C0F0000600060006000600060006000600060010
:10C100000600000000000000000000000000000029
:10C11000000000000000000000000000F60CFE0E11
:10C120008E038601860186018601860186018601CD
:10C130008601000000000000000000000000000078
:10C14000000000000000000000000000F600FE01FA
:10C150008E030E0306030603060306030603060307
:10C1600006030000000000000000000000000000C6
:10C17000000000000000000000000000F000FC03D0
:10C180000C07060606060606060606060C07FC034E
:10C19000F0000000000000000000000000000000AF
:10C1A000000000000000000000000000F600FE019A
:10C1B0008E030E030603060206030E038E03FE0122
:10C1C000F600060006000600060000000000000061
:10C1D0000000000000000000000000007803FC03E5
:10C1E0008E03060306030603060306038E03FC0301
:10C1F00078030003000300030003000000000000B8
:10C2000000000000000000000000000074007C003E
:10C210000C000C00040004000400040004000400EE
:10C22000040000000000000000000000000000000A
:10C23000000000000000000000000000F800FC0109
:10C24000860106007E00FC01E00300030603FE01F8
:10C25000F8000000000000000000000000000000E6
:10C260000000000008000C000C000C003E003E0026
:10C270000C000C000C000C000C000C000C003C002E
:10C280003800000000000000000000000000000076
:10C29000000000000000000000000000060306038C
:10C2A0000603060306030603060306038C03FC03CA
:10C2B0007803000000000000000000000000000003
:10C2C0000000000000000000000000000606060359
:10C2D00006030C018C0198019800D800F000700052
:10C2E00060000000000000000000000000000000EE
:10C2F0000000000000000000000000008301C201F7
:10C30000C601C60166036C0B6C0A2C0E380E380E83
:10C31000380E0000000000000000000000000000D7
:10C3200000000000000000000000000086018E01F7
:10C33000CC007800780030007800FC00CC0086014A
:10C340008703000000000000000000000000000063
:10C3500000000000000000000000000006060603C8
:10C360000C030C01880198019800D000F0007000C7
:10C370006000700030003E001E0000000000000061
:10C38000000000000000000000000000FE01FE01AF
:10C39000C0006000300018001C000C000600FF0305
:10C3A000FF0300000000000000000000000000008B
:10C3B0000000000070007800180018001800180035
:10C3C00008000C00060006000C000C000800180015
:10C3D000180018001800780070000000000000002D
:10C3E000000000000C000C000C000C000C000C0005
:10C3F0000C000C000C000C000C000C000C000C00DD
:10C400000C000C000C000C000C000C0000000000E4
:10C410000000000007000F000C00080008000800E2
:10C42000180018007000700018001800180018009C
:10C43000180008000C000F000700000000000000BA
:10C4400000000000000000000000000000000000EC
:10C450003C007E04E20780030000000000000000B2
:10C4600000000000000000000000000000000000CC
:10C4700000000000000000000000000000000000BC
:10C4800000000000000000000000000000000000AC
:10C49000000000000000000000000000000000009C
:10C4A000000000000000000000000000000000008C
:10C4B000000000000000000038003800380038009C
:10C4C00038003800380038003800380038003800AC
:10C4D000380038003800380000000000380038000C
:10C4E000000000000000000000000000000000004C
:10C4F0000000000000000000CE01CE01CE01CE0100
:10C50000CC018C008400000000000000000000004E
:10C51000000000000000000000000000000000001B
:10C52000000000000000000000000000000000000B
:10C53000000000000000000060186018601860181B
:10C540007018300CFF7FFF7F300C380C180618066F
:10C550001806FF7FFF7F0C030C030C030C0306037C
:10C5600000000000000000000000000000000000CB
:10C570000000000000008000E003F80FBC1E9C18C3
:10C580008C188C008C009C00F800F007C00F801EF7
:10C59000803880388E308E388C38BC1CF80FE0071D
:10C5A000800080000000000000000000000000008B
:10C5B0000000000000000000F000F8019C830C83E4
:10C5C0000CC30CE30C639C73F831F0380018008C3A
:10C5D00000CC00C600C600C300C380C18081C0007B
:10C5E000000000000000000000000000000000004B
:10C5F0000000000000000000C007E00F701C301CAD
:10C600003018701C700CE00FC003E003F8031CC767
:10C610000CEE0EFC0E7C0E781C783CFEF8CFE0830E
:10C62000000000000000000000000000000000000A
:10C6300000000000000000000E000E000E000E00C2
:10C640000E000C00040000000000000000000000CC
:10C6500000000000000000000000000000000000DA
:10C6600000000000000000000000000000000000CA
:10C670000000000000000000C0006000600030000A
:10C6800030001800180018001C000C000C000C00F2
:10C690000C000C000C000C001C0018001800180006
:10C6A0003000300060006000C000000000000000AA
:10C6B00000000000000000000C000C00180030001A
:10C6C0003000700060006000E000E000C000C000CA
:10C6D000C000C000C000E000E0006000600070002A
:10C6E00030003000180008000C00000000000000BE
:10C6F0000000000000000000600060006603FE0310
:10C70000F800F00098018800000000000000000020
:10C710000000000000000000000000000000000019
:10C720000000000000000000000000000000000009
:10C7300000000000000000000000000000000000F9
:10C7400080018001800180018001FC7FFC7F8001ED
:10C7500080018001800180010000000000000000D5
:10C7600000000000000000000000000000000000C9
:10C7700000000000000000000000000000000000B9
:10C7800000000000000000000000000000000000A9
:10C790000000000000000000000000001800180069
:10C7A0001000100018000800000000000000000049
:10C7B0000000000000000000000000000000000079
:10C7C0000000000000000000000000000000000069
:10C7D000FE00FE000000000000000000000000005D
:10C7E0000000000000000000000000000000000049
:10C7F0000000000000000000000000000000000039
:10C800000000000000000000000000000000000028
:10C8100000000000000000000000000018001800E8
:10C820000000000000000000000000000000000008
:10C830000000000000000000C000C00060006000B8
:10C840006000300030003000300018001800180080
:10C850000C000C000C000600060006000600030099
:10C8600000000000000000000000000000000000C8
:10C870000000000000000000E003F007380E1C1C60
:10C880000C180C180C380E380E380E380E380E38BE
:10C890000E380C380C180C181C1C380EF007E0036E
:10C8A0000000000000000000000000000000000088
:10C8B0000000000000000000000300038003E0030C
:10C8C000F003380318030003000300030003000310
:10C8D0000003000300030003000300030003000340
:10C8E0000000000000000000000000000000000048
:10C8F0000000000000000000F003F80F1C0E0C1CEC
:10C900000E1800180018001C001C000E00078007FD
:10C91000C003E000700038001C000C00FE3FFE3F2A
:10C920000000000000000000000000000000000007
:10C930000000000000000000E003F8071C0E0C1CC3
:10C940000C1C001C000C000EC007C00F001C0018BF
:10C950000038003800380E380C1C1C1EF80FE0039D
:10C9600000000000000000000000000000000000C7
:10C97000000000000000000000060007000780071C
:10C98000C007C00660063006300618060C060C0606
:10C990000606FE3FFE3F00060006000600060006F3
:10C9A0000000000000000000000000000000000087
:10C9B0000000000000000000F01FF81F1800180021
:10C9C00018000800EC03FC0F3C1E0C1C003800385B
:10C9D0000038003800380E180C1C1C0EF807F00345
:10C9E0000000000000000000000000000000000047
:10C9F0000000000000000000E003F00F381E1C18CB
:10CA00000C180E000E00C603F60F3E1E1E180E3840
:10CA10000E380E380E380C381C1C381EF80FE00388
:10CA20000000000000000000000000000000000006
:10CA30000000000000000000FE3FFE3F001C000C54
:10CA4000000E00070007800380038001C001C000C2
:10CA5000C000E000E0006000600060007000700056
:10CA600000000000000000000000000000000000C6
:10CA70000000000000000000E003F80F380E1C1C4E
:10CA80000C181C181C1C380EF007F0073C1E1C1854
:10CA90000E380E380E380C381C183C1EF80FE00308
:10CAA0000000000000000000000000000000000086
:10CAB0000000000000000000E003F8073C0E1C1816
:10CAC0000C180E180E380E380C381C383C3EF83F47
:10CAD000F039003800180C181C1C1C0EF807F00365
:10CAE0000000000000000000000000000000000046
:10CAF0000000000000000000000000000000000036
:10CB000000001800180000000000000000000000F5
:10CB100000000000000000000000000018001800E5
:10CB20000000000000000000000000000000000005
:10CB300000000000000000000000000000000000F5
:10CB400000001800180000000000000000000000B5
:10CB500000000000000000000000000018001800A5
:10CB60001000100018000800000000000000000085
:10CB700000000000000000000000000000000000B5
:10CB800000600078001E8007E00138001C003800BB
:10CB9000E0018007001E0078006000000000000037
:10CBA0000000000000000000000000000000000085
:10CBB0000000000000000000000000000000000075
:10CBC00000000000FC7FFC7F00000000000000006F
:10CBD000FC7FFC7F0000000000000000000000005F
:10CBE0000000000000000000000000000000000045
:10CBF0000000000000000000000000000000000035
:10CC000004001C007800E0018007001E0078001E70
:10CC10008007E00178001C00040000000000000014
:10CC20000000000000000000000000000000000004
:10CC30000000000000000000E003F80F3C1E1C187C
:10CC40000C380E3800380018001C000E0007800356
:10CC50008001C001C001C00100000000C001C0018E
:10CC600000000000000000000000000000000000C4
:10CC7000000000000000000000FC00FF8007E00151
:10CC80006000307838FC188E1C070C038C038C0174
:10CC90008C0184018C018C818CC38CE30CBF181E29
:10CCA00038007000E000C00780FF00FC00000000BA
:10CCB000000000000000000080038007C007C006DD
:10CCC000C00EE00C601C701C7018303838301870C2
:10CCD000F87FFC7F0CE00EE00EC006C007C00780A6
:10CCE0000000000000000000000000000000000044
:10CCF0000000000000000000FC1FFC3F1C701CE056
:10CD00001CE01CE01CE01C601C70FC3FFC3F1CF0A5
:10CD10001CC01CC01CC01CC01CE01CF0FC7FFC1F05
:10CD20000000000000000000000000000000000003
:10CD30000000000000000000803FE0FFF0E03880CD
:10CD400018801C000C000C000C000C000C000C00E7
:10CD50000C000C001C0018003880F0E0E0FF803F61
:10CD600000000000000000000000000000000000C3
:10CD70000000000000000000FC1FFC7F1CE01CC045
:10CD80001C801C801C001C001C001C001C001C00C3
:10CD90001C001C001C801C801CC01CF0FC7FFC1FA5
:10CDA0000000000000000000000000000000000083
:10CDB0000000000000000000FCFFFCFF1C001C0045
:10CDC0001C001C001C001C001C00FC7FFC7F1C00C5
:10CDD0001C001C001C001C001C001C00FCFFFCFFB5
:10CDE0000000000000000000000000000000000043
:10CDF0000000000000000000FCFFFCFF1C001C0005
:10CE00001C001C001C001C001C00FC3FFC3F1C0004
:10CE10001C001C001C001C001C001C001C001C0032
:10CE20000000000000000000000000000000000002
:10CE30000000000000000000807FC0FFF0C03880CC
:10CE400038001C001C000C000C000C000CF80CF846
:10CE50000C000C001C0038007800F0C0C0FF007F00
:10CE600000000000000000000000000000000000C2
:10CE700000000000000000001C801C801C801C8042
:10CE80001C801C801C801C801C80FCFFFCFF1C8004
:10CE90001C801C801C801C801C801C801C801C80B2
:10CEA0000000000000000000000000000000000082
:10CEB0000000000000000000180018001800180012
:10CEC00018001800180018001800180018001800A2
:10CED0001800180018001800180018001800180092
:10CEE0000000000000000000000000000000000042
:10CEF000000000000000000000060006000600061A
:10CF000000060006000600060006000600060006F1
:10CF100000060006060606070E078E03FC03F8004F
:10CF20000000000000000000000000000000000001
:10CF300000000000000000001CC01CE01C701C3839
:10CF40001C1C1C0E1C079C03DC03FC037C073C0E12
:10CF50001C1E1C1C1C381C701CF01CE01CC01CC0BF
:10CF600000000000000000000000000000000000C1
:10CF700000000000000000001C001C001C001C0041
:10CF80001C001C001C001C001C001C001C001C00C1
:10CF90001C001C001C001C001C001C00FC3FFC3F73
:10CFA0000000000000000000000000000000000081
:10CFB00000000000000000001C007C007C007C00E1
:10CFC000FC00DC80DC80DC819CC19CC19CE31C6398
:10CFD0001C631C771C361C361C3E1C1E1C1C1C1C97
:10CFE0000000000000000000000000000000000041
:10CFF00000000000000000001C803C803C807C8021
:10D00000FC80FC80DC819C819C831C871C871C8E9F
:10D010001C9C1C9C1CB81CF01CF01CE01CE01CC0E0
:10D020000000000000000000000000000000000000
:10D030000000000000000000803FE0FFF0E03880CA
:10D0400018001C000C000C000E000E000E000E005C
:10D050000C000C001C0018003880F0E0E0FF803F5E
:10D0600000000000000000000000000000000000C0
:10D070000000000000000000FC1FFC7F1C701CE092
:10D080001CC01CC01CC01CC01CE01C70FC3FFC1F52
:10D090001C001C001C001C001C001C001C001C00B0
:10D0A0000000000000000000000000000000000080
:10D0B0000000000000000000803FE0FFF0E038804A
:10D0C0001C000C000C000E000E000E000E000E00E6
:10D0D0000E000C000C001C3838F8F0E0E0FF80FF78
:10D0E0000000000000000000000000000000000040
:10D0F0000000000000000000FC7FFCFF1CC01C8042
:10D100001C001C001C801C801CE0FCFFFC7F1C1C05
:10D110001C781C701CE01CE01CC01C801C801C00C7
:10D1200000000000000000000000000000000000FF
:10D130000000000000000000E00FF03F38781CE025
:10D140000CE00CC01C007C00F803F01F807F00F88E
:10D1500000E00EC00EC00CC01CE07870F03FC01F95
:10D1600000000000000000000000000000000000BF
:10D170000000000000000000FFFFFFFF80018001B1
:10D180008001800180018001800180018001800197
:10D190008001800180018001800180018001800187
:10D1A000000000000000000000000000000000007F
:10D1B00000000000000000001C801C801C801C80FF
:10D1C0001C801C801C801C801C801C801C801C807F
:10D1D0001C801CC01CC018C038C070F0F07FC01F7D
:10D1E000000000000000000000000000000000003F
:10D1F000000000000000000007C00EC00EC00EE0DE
:10D200001CE01C601870387038303030703860188E
:10D210006018E01CC00CC00D800780078007000369
:10D2200000000000000000000000000000000000FE
:10D23000000000000000000006E00EF00EF00CB050
:10D240000CB81CB81C18181C181C380C300E300EEA
:10D250003006700760076003E003E003C001C0010F
:10D2600000000000000000000000000000000000BE
:10D2700000000000000000000EE01C60387038382C
:10D280007018701CE00EC007C0078003C007C007FD
:10D29000E00E701C701C38381C781C700EE007E023
:10D2A000000000000000000000000000000000007E
:10D2B00000000000000000000E800EC01CE01C609A
:10D2C000387070387018E01CC00DC007800700036C
:10D2D0000003000300030003000300030003000336
:10D2E000000000000000000000000000000000003E
:10D2F0000000000000000000FCFFFCFF00F00078D0
:10D300000038001C000E000F00078003C001E00180
:10D31000E000700038001C001C000E00FEFFFEFF45
:10D3200000000000000000000000000000000000FD
:10D3300000000000000000007C007C000C000C00DD
:10D340000C000C000C000C000C000C000C000C007D
:10D350000C000C000C000C000C000C000C000C006D
:10D360000C000C000C007C007C00000000000000A1
:10D37000000000000000000003000300060006009B
:10D3800006000C000C000C001C001800180018000F
:10D39000300030003000600060006000E000C0003D
:10D3A000000000000000000000000000000000007D
:10D3B00000000000000000003E003E003000300091
:10D3C00030003000300030003000300030003000DD
:10D3D00030003000300030003000300030003000CD
:10D3E0003000300030003E003E0000000000000031
:10D3F000000000000000000060007000F000D80095
:10D40000980198010C030C030E07060600000000AB
:10D41000000000000000000000000000000000000C
:10D4200000000000000000000000000000000000FC
:10D4300000000000000000000000000000000000EC
:10D4400000000000000000000000000000000000DC
:10D4500000000000000000000000000000000000CC
:10D46000000000000000FF7FFF7F000000000000C0
:10D4700000000000000000001C001C00180030002C
:10D48000000000000000000000000000000000009C
:10D49000000000000000000000000000000000008C
:10D4A000000000000000000000000000000000007C
:10D4B000000000000000000000000000000000006C
:10D4C0000000F007F80F1C1C0C180018001EF01FBD
:10D4D000FC191C180E180E1C0E1C1E1FFC3BF839E4
:10D4E000000000000000000000000000000000003C
:10D4F00000000000000000001C001C001C001C00BC
:10D500001C00DC07FC0F3C1C1C381C381C300C3089
:10D510000C300C301C301C381C183C1CFC0FCC0789
:10D5200000000000000000000000000000000000FB
:10D5300000000000000000000000000000000000EB
:10D540000000E003F8073C0E1C0C0C0C0E000E0053
:10D550000E000E000E1C0C1C1C0C1C0EF807E0012B
:10D5600000000000000000000000000000000000BB
:10D57000000000000000000000180018001800184B
:10D580000018F019F81F1C1E0C1C0E1C0E180E188B
:10D590000E180E180E180C1C1C1C3C1EF81FE0194F
:10D5A000000000000000000000000000000000007B
:10D5B000000000000000000000000000000000006B
:10D5C0000000E003F80F381C0C180C380E30FE3F3A
:10D5D000FE3F0E000E000E001C383C1CF80FE0074A
:10D5E000000000000000000000000000000000003B
:10D5F0000000000000000000F000F8001C001C000B
:10D600001C007F007F001C001C001C001C001C0074
:10D610001C001C001C001C001C001C001C001C002A
:10D6200000000000000000000000000000000000FA
:10D6300000000000000000000000000000000000EA
:10D640000000F019F81F3C1E0C1C0C1C0E180E18C4
:10D650000E180E180E180E1C0C1C1C1EF81FF019AC
:10D660000E180C1C1C0EF807F00300000000000050
:10D6700000000000000000000C000C000C000C007A
:10D680000C00CC07FC0F3C1E1C1C1C180C180C18A2
:10D690000C180C180C180C180C180C180C180C186A
:10D6A000000000000000000000000000000000007A
:10D6B00000000000000000000C000C000000000052
:10D6C00000000C000C000C000C000C000C000C0006
:10D6D0000C000C000C000C000C000C000C000C00EA
:10D6E000000000000000000000000000000000003A
:10D6F00000000000000000001C001C0000000000F2
:10D7000000001C001C001C001C001C001C001C0055
:10D710001C001C001C001C001C001C001C001C0029
:10D720001C000C000C000F000700000000000000AF
:10D7300000000000000000001C001C001C001C0079
:10D740001C001C1C1C0E1C079C03DC01FC00FC00C4
:10D75000FC019C031C031C071C0E1C0E1C1C1C182B
:10D7600000000000000000000000000000000000B9
:10D7700000000000000000000C000C000C000C0079
:10D780000C000C000C000C000C000C000C000C0039
:10D790000C000C000C000C000C000C000C000C0029
:10D7A0000000000000000000000000000000000079
:10D7B0000000000000000000000000000000000069
:10D7C0000000CCC7FCEF3C3E1C1C1C1C1C1C0C1C91
:10D7D0000C1C0C1C0C1C0C1C0C1C0C1C0C1C0C1C09
:10D7E0000000000000000000000000000000000039
:10D7F0000000000000000000000000000000000029
:10D800000000CC07FC0F3C1E1C1C1C180C180C182C
:10D810000C180C180C180C180C180C180C180C18E8
:10D8200000000000000000000000000000000000F8
:10D8300000000000000000000000000000000000E8
:10D840000000E003F80F3C1E1C180C380E380E3098
:10D850000E300E300E380C381C183C1EF80FE0034A
:10D8600000000000000000000000000000000000B8
:10D8700000000000000000000000000000000000A8
:10D880000000CC07EC0F7C1C1C381C381C300C3002
:10D890000C300C301C301C381C183C1CFC0FDC03FA
:10D8A0001C001C001C001C001C00000000000000EC
:10D8B0000000000000000000000000000000000068
:10D8C0000000F019F81B1C1E0C1C0E1C0E180E1864
:10D8D0000E180E180E180C1C1C1C381EF81FE01910
:10D8E00000180018001800180018000000000000C0
:10D8F0000000000000000000000000000000000028
:10D900000000EC01FC013C001C001C000C000C00A1
:10D910000C000C000C000C000C000C000C000C00A7
:10D9200000000000000000000000000000000000F7
:10D9300000000000000000000000000000000000E7
:10D940000000F003F8071C0E0C0C0C003C00FC015E
:10D95000F007C00F001C0E180C1C1C0EF80FF00373
:10D9600000000000000000000000000000000000B7
:10D97000000000000000000010001800180018004F
:10D9800018007E007E00180018001800180018000B
:10D99000180018001800180018001800F800F0000F
:10D9A0000000000000000000000000000000000077
:10D9B0000000000000000000000000000000000067
:10D9C00000000C180C180C180C180C180C180C185B
:10D9D0000C180C180C180C1C1C1C3C1EF81BF01905
:10D9E0000000000000000000000000000000000037
:10D9F0000000000000000000000000000000000027
:10DA00000000071C060C0E0C0E0E0C061C061C0754
:10DA100018031803B803B001F001F001E000E000C2
:10DA200000000000000000000000000000000000F6
:10DA300000000000000000000000000000000000E6
:10DA40000000070706070607060F8E8F8C8D8C8D4A
:10DA50008C8DDCD8D8D8D8F8F878707070707030A9
:10DA600000000000000000000000000000000000B6
:10DA700000000000000000000000000000000000A6
:10DA800000000E060E079C039C03F801F001F00055
:10DA9000E000F000F80198019C030C030E07070E4C
:10DAA0000000000000000000000000000000000076
:10DAB0000000000000000000000000000000000066
:10DAC00000000E180E180C1C1C0C1C0C180E38062E
:10DAD0003006300770036003E003E001C001C001BD
:10DAE000C000E00060007C003C000000000000007E
:10DAF0000000000000000000000000000000000026
:10DB00000000FE0FFE0F000600078003C001C000EA
:10DB1000E000700038001C001C000E00FF1FFF1FFB
:10DB200000000000000000000000000000000000F5
:10DB30000000000000000000E001F00130003800AB
:10DB400038003800380038003800180018001C0071
:10DB50000E000E001C001800380038003800380095
:10DB6000380030003000F001E0010000000000004B
:10DB700000000000000000000C000C000C000C0075
:10DB80000C000C000C000C000C000C000C000C0035
:10DB90000C000C000C000C000C000C000C000C0025
:10DBA0000C000C000C000C000C0000000000000039
:10DBB00000000000000000000E001E0018003800E9
:10DBC0003800380038003800380038003000700065
:10DBD000E000E00070003000300030003000300025
:10DBE0003000300038001E000E0000000000000071
:10DBF0000000000000000000000000000000000025
:10DC000000000000000000007800FC63867F001E1A
:10DC10000000000000000000000000000000000004
:10DC200000000000000000000000000000000000F4
:10DC300000000000000000000000000000000000E4
:10DC400000000000000000000000000000000000D4
:10DC500000000000000000000000000000000000C4
:10DC600000000000000000000000000000000000B4
:10DC700000000000000000000000000000000000A4
:10DC80000000000000000000000000000000000094
:10DC90000000000000000000000000000000000084
:10DCA0000000000000000000000000000000000074
:10DCB0000000000000000000000000000000000064
:10DCC0000000000000000000000000000000000054
:10DCD0000000000000000000000000000000000044
:10DCE0000000000000000000000000000000000034
:10DCF0000000000000000000000000000000000024
:10DD00000000000000000000000000000000000013
:10DD10000000000000000000000000000000000003
:10DD200000000000000000000000000000000000F3
:10DD300000000000000000000000000000000000E3
:10DD400000000000000000000000000000000000D3
:10DD5000000000000000000000000000C00F0000F4
:10DD6000C00F0000C00F0000C00F0000C00F000077
:10DD7000C00F0000C00F0000C00F0000C00F000067
:10DD8000C00F0000C00F0000C00F0000C00F000057
:10DD9000C0070000C0070000C0070000C007000067
:10DDA000C0070000C0070000C0070000C007000057
:10DDB000C007000080070000800700008007000007
:10DDC0008007000080070000800700008007000037
:10DDD0008007000080030000000000000000000039
:10DDE0000000000000000000C00F0000C00F000095
:10DDF000C00F0000C00F0000C00F000000000000B6
:10DE00000000000000000000000000000000000012
:10DE10000000000000000000000000000000000002
:10DE200000000000000000000000000000000000F2
:10DE300000000000000000000000000000000000E2
:10DE400000000000000000000000000000000000D2
:10DE5000000000000000000000000000F8F00100D9
:10DE6000F8F00100F8F00100F8F00100F8F001000E
:10DE7000F8F00100F8F00100F8F00100F8F00100FE
:10DE8000F8F00100F8E0010070E0010070E000002F
:10DE900070E0000000000000000000000000000032
:10DEA0000000000000000000000000000000000072
:10DEB0000000000000000000000000000000000062
:10DEC0000000000000000000000000000000000052
:10DED0000000000000000000000000000000000042
:10DEE0000000000000000000000000000000000032
:10DEF0000000000000000000000000000000000022
:10DF00000000000000000000000000000000000011
:10DF10000000000000000000000000000000000001
:10DF200000000000000000000000000000000000F1
:10DF300000000000000000000000000000000000E1
:10DF400000000000000000000000000000000000D1
:10DF50000000000000000000000000000078000F3A
:10DF60000078000F0078800700788007003C800769
:10DF7000003C8007003CC007003CC003003CC003DD
:10DF8000001EC003001EC003FEFFFF3FFEFFFF3F59
:10DF9000FEFFFF3FFEFFFF3FFEFFFF3F000FF000D1
:10DFA000000FF000800FF0008007F0008007F00005
:10DFB0008007780080077800C0037800C0037800ED
:10DFC000FEFFFF3FFEFFFF3FFEFFFF3FFEFFFF3F65
:10DFD000FEFFFF3FE0013E00E0011E00F0011E00D9
:10DFE000F0001E00F0001E00F0000F00F0000F0017
:10DFF000F8000F0078000F0078000F00000000000C
:10E000000000000000000000000000000000000010
:10E010000000000000000000000000000000000000
:10E0200000000000000000000000000000000000F0
:10E0300000000000000000000000000000000000E0
:10E0400000000000000000000000000000000000D0
:10E05000000000000000000000C0010000C001003E
:10E0600000FC0F0000FF3F00C0FFFF00E0FFFF01CA
:10E07000E0FFFF01F0CFFD03F0C3F107F8C1E107B6
:10E08000F8C0C107F8C0C107F8C0C101F8C001005D
:10E09000F8C10100F0C30100F0CF0100E0FF010072
:10E0A000C0FF030080FF1F0000FE7F0000F8FF019B
:10E0B00000C0FF0300C0FF0700C0F10700C0C10F90
:10E0C00000C0810F00C0810F70C0810F7CC0011F94
:10E0D000FCC0810FFCC0810FF8C0810FF8C1C10FD7
:10E0E000F8C3E107F0CFF907E0FFFF03C0FFFF012E
:10E0F00080FFFF0000FF7F0000F80F0000C001005C
:10E1000000C0010000C0010000C0010000C001000B
:10E1100000000000000000000000000000000000FF
:10E1200000000000000000000000000000000000EF
:10E1300000000000000000000000000000000000DF
:10E1400000000000000000000000000000000000CF
:10E15000000000000000000000000000007E000041
:10E1600080FF0100C0FF0300E0E30700E0810780BB
:10E17000F0800F80F0000FC0F0000FC0F8000FE03B
:10E18000F8000FE0F8000FF0F8000FF0F8000F783B
:10E19000F8000F7CF0000F3CF0000F1EF0800F1E07
:10E1A000E081070FE0E3030FC0FF830780FF8007D4
:10E1B000007EC0830000C0830000E0C10000F0C109
:10E1C0000000F0C0000078E0000078E000003CE0D3
:10E1D00000003CE000001EE000001EC000000FC078
:10E1E00000800FC0008007C000C0038000C0038013
:10E1F00000E0010000E0010000F00000000000006D
:10E20000000000000000000000000000000000000E
:10E2100000000000000000000000000000000000FE
:10E2200000000000000000000000000000000000EE
:10E2300000000000000000000000000000000000DE
:10E2400000000000000000000000000000000000CE
:10E2500000000000000000000000000000C01F00DF
:10E2600000F07F0000FCFF0000FEFF0100FEFF0346
:10E27000007FF803001FE003001FE007800FC007C6
:10E28000001FE003001FE003003FE003007EF001F9
:10E2900000FEFC0000FCFF0000F83F0000F01F0043
:10E2A00000F8070000FE0F0000FF1F00C0BF1F00A6
:10E2B000E00F3F30E0077FF0F003FEF8F801FCF9D3
:10E2C000F800F8F9F800F8FFF800F07FF800E07FB8
:10E2D000F800C03FF800803FF801803FF803C07F9E
:10E2E000F007E0FFF00FFCFFE0FFFFFBC0FFFFF1D6
:10E2F00080FFFFE000FE3FC000F80F0000000000BC
:10E30000000000000000000000000000000000000D
:10E3100000000000000000000000000000000000FD
:10E3200000000000000000000000000000000000ED
:10E3300000000000000000000000000000000000DD
:10E3400000000000000000000000000000000000CD
:10E35000000000000000000000000000F8000000C5
:10E36000F8000000F8000000F8000000F8000000CD
:10E37000F8000000F8000000F8000000F8000000BD
:10E38000F8000000F80000007000000070000000BD
:10E39000700000000000000000000000000000000D
:10E3A000000000000000000000000000000000006D
:10E3B000000000000000000000000000000000005D
:10E3C000000000000000000000000000000000004D
:10E3D000000000000000000000000000000000003D
:10E3E000000000000000000000000000000000002D
:10E3F000000000000000000000000000000000001D
:10E40000000000000000000000000000000000000C
:10E4100000000000000000000000000000000000FC
:10E4200000000000000000000000000000000000EC
:10E4300000000000000000000000000000000000DC
:10E4400000000000000000000000000000000000CC
:10E4500000000000000000000000000000E00100DB
:10E4600000F0000000F0000000780000003C000018
:10E47000003C0000001E0000001E0000000F000015
:10E48000800F00008007000080070000C007000028
:10E49000C0030000E0030000E0030000E003000010
:10E4A000E0010000F0010000F0010000F0010000B8
:10E4B000F0010000F0010000F0010000F001000098
:10E4C000F0010000F0010000F0010000F001000088
:10E4D000F0010000F0010000F0010000F001000078
:10E4E000E0030000E0030000E0030000E0030000A0
:10E4F000C0070000C007000080070000800F000078
:10E50000000F0000000F0000001E0000001E0000B1
:10E51000003C0000003C000000780000007000009B
:10E5200000F0000000E0010000000000000000001A
:10E5300000000000000000000000000000000000DB
:10E5400000000000000000000000000000000000CB
:10E55000000000000000000000000000F0000000CB
:10E56000E0000000E0010000C0030000C003000064
:10E5700080070000800F0000000F0000001F000057
:10E58000001E0000003E0000003C0000007C000077
:10E59000007C0000007C000000F8000000F8000093
:10E5A00000F8000000F8000000F0000000F001009A
:10E5B00000F0010000F0010000F0010000F0010097
:10E5C00000F0010000F0010000F0010000F0010087
:10E5D00000F0010000F0010000F0000000F8000071
:10E5E00000F8000000F8000000F80000007C0000C7
:10E5F000007C0000003C0000003E0000003E0000E7
:10E60000001E0000001F0000000F0000800F00002F
:10E6100080070000C0030000C0030000E00100000C
:10E62000E0000000F000000000000000000000001A
:10E6300000000000000000000000000000000000DA
:10E6400000000000000000000000000000000000CA
:10E65000000000000000000000000000001E00009C
:10E66000001E0000001E0000001E0000081E040026
:10E67000789E0700FCFF0F00FCFF0F00F8FF07006B
:10E68000003F0000003F0000807F0000C0F300005A
:10E69000E0F30100F0E10300E0C0010080C00000F1
:10E6A000000000000000000000000000000000006A
:10E6B000000000000000000000000000000000005A
:10E6C000000000000000000000000000000000004A
:10E6D000000000000000000000000000000000003A
:10E6E000000000000000000000000000000000002A
:10E6F000000000000000000000000000000000001A
:10E700000000000000000000000000000000000009
:10E7100000000000000000000000000000000000F9
:10E7200000000000000000000000000000000000E9
:10E7300000000000000000000000000000000000D9
:10E7400000000000000000000000000000000000C9
:10E7500000000000000000000000000000000000B9
:10E7600000000000000000000000000000000000A9
:10E77000000000000000000000C0070000C007000B
:10E7800000C0070000C0070000C0070000C007006D
:10E7900000C0070000C0070000C0070000C007005D
:10E7A00000C00700F8FFFF3FF8FFFF3FF8FFFF3F03
:10E7B000F8FFFF3FF8FFFF3F00C0070000C0070061
:10E7C00000C0070000C0070000C0070000C007002D
:10E7D00000C0070000C0070000C0070000C007001D
:10E7E00000C0070000000000000000000000000062
:10E7F0000000000000000000000000000000000019
:10E800000000000000000000000000000000000008
:10E8100000000000000000000000000000000000F8
:10E8200000000000000000000000000000000000E8
:10E8300000000000000000000000000000000000D8
:10E8400000000000000000000000000000000000C8
:10E8500000000000000000000000000000000000B8
:10E8600000000000000000000000000000000000A8
:10E870000000000000000000000000000000000098
:10E880000000000000000000000000000000000088
:10E890000000000000000000000000000000000078
:10E8A0000000000000000000000000000000000068
:10E8B0000000000000000000000000000000000058
:10E8C0000000000000000000000000000000000048
:10E8D0000000000000000000000000000000000038
:10E8E0000000000000000000E0070000E00700005A
:10E8F000E0070000E0070000E0070000000700005C
:10E9000000070000000700008003000080030000F3
:10E91000C0030000E0010000400000000000000013
:10E9200000000000000000000000000000000000E7
:10E9300000000000000000000000000000000000D7
:10E9400000000000000000000000000000000000C7
:10E9500000000000000000000000000000000000B7
:10E9600000000000000000000000000000000000A7
:10E970000000000000000000000000000000000097
:10E980000000000000000000000000000000000087
:10E990000000000000000000000000000000000077
:10E9A0000000000000000000000000000000000067
:10E9B0000000000000000000FCFF0100FCFF01005F
:10E9C000FCFF0100FCFF0100FCFF01000000000053
:10E9D0000000000000000000000000000000000037
:10E9E0000000000000000000000000000000000027
:10E9F0000000000000000000000000000000000017
:10EA00000000000000000000000000000000000006
:10EA100000000000000000000000000000000000F6
:10EA200000000000000000000000000000000000E6
:10EA300000000000000000000000000000000000D6
:10EA400000000000000000000000000000000000C6
:10EA500000000000000000000000000000000000B6
:10EA600000000000000000000000000000000000A6
:10EA70000000000000000000000000000000000096
:10EA80000000000000000000000000000000000086
:10EA90000000000000000000000000000000000076
:10EAA0000000000000000000000000000000000066
:10EAB0000000000000000000000000000000000056
:10EAC0000000000000000000000000000000000046
:10EAD0000000000000000000000000000000000036
:10EAE0000000000000000000E0070000E007000058
:10EAF000E0070000E0070000E00700000000000061
:10EB00000000000000000000000000000000000005
:10EB100000000000000000000000000000000000F5
:10EB200000000000000000000000000000000000E5
:10EB300000000000000000000000000000000000D5
:10EB400000000000000000000000000000000000C5
:10EB500000000000000000000000000000F00000C5
:10EB600000F000000078000000780000007800004D
:10EB7000003C0000003C0000003C0000001E0000C3
:10EB8000001E0000001E0000001E0000000F00001C
:10EB9000000F0000000F0000800700008007000049
:10EBA00080070000C0030000C0030000C003000095
:10EBB000C0030000E0010000E0010000E0010000EF
:10EBC000F0000000F0000000F00000007000000005
:10EBD0007800000078000000780000003C00000091
:10EBE0003C0000003C0000001E0000001E00000071
:10EBF0001E0000001E0000000F00000000000000CA
:10EC00000000000000000000000000000000000004
:10EC100000000000000000000000000000000000F4
:10EC200000000000000000000000000000000000E4
:10EC300000000000000000000000000000000000D4
:10EC400000000000000000000000000000000000C4
:10EC500000000000000000000000000000000000B4
:10EC600000F8070000FE3F0000FF7F0080FFFF006C
:10EC7000C0FFFF01E01FFC03E007F003F003E00723
:10EC8000F001C007F001C007F800800FF800800F06
:10EC9000F800800FF800800FF800800FF800800F58
:10ECA0007C00800F7C00800F7C00001F7C00001F18
:10ECB0007C00001F7C00800F7C00800FF800800F1C
:10ECC000F800800FF800800FF800800FF800800F28
:10ECD000F800C00FF001C007F001C007F003E00723
:10ECE000E007F003E01FFC03C0FFFF0180FFFF000F
:10ECF00000FF7F0000FE3F0000F80700000000005A
:10ED00000000000000000000000000000000000003
:10ED100000000000000000000000000000000000F3
:10ED200000000000000000000000000000000000E3
:10ED300000000000000000000000000000000000D3
:10ED400000000000000000000000000000000000C3
:10ED500000000000000000000000000000000000B3
:10ED600000001E0000001E0000001F0000801F00A9
:10ED700000C01F0000E01F0000F01F0000FC1F008B
:10ED800000FF1F00807F1F00C01F1F00C00F1F005B
:10ED9000C0031F00C0001F0000001F0000001F0074
:10EDA00000001F0000001F0000001F0000001F00E7
:10EDB00000001F0000001F0000001F0000001F00D7
:10EDC00000001F0000001F0000001F0000001F00C7
:10EDD00000001F0000001F0000001F0000001F00B7
:10EDE00000001F0000001F0000001F0000001F00A7
:10EDF00000001F0000001F0000001F0000000000B6
:10EE00000000000000000000000000000000000002
:10EE100000000000000000000000000000000000F2
:10EE200000000000000000000000000000000000E2
:10EE300000000000000000000000000000000000D2
:10EE400000000000000000000000000000000000C2
:10EE500000000000000000000000000000000000B2
:10EE600000F80F0000FF3F0080FFFF00C0FFFF0120
:10EE7000E0FFFF03F00FFC07F003F007F801C00FFD
:10EE8000F800C00FF800800FF800800FE000800F3E
:10EE90000000800F0000800F0000C0070000C007C6
:10EEA0000000E0070000F0030000F8010000FC0192
:10EEB0000000FE0000007F0000C03F0000E00F00E7
:10EEC00000F0070000FC030000FE0100007F0000CE
:10EED000803F0000C01F0000E00F0000F0070000AE
:10EEE000F0030000F8010000F8FFFF0FFCFFFF0F28
:10EEF000FCFFFF0FFCFFFF0FFCFFFF0F00000000F7
:10EF00000000000000000000000000000000000001
:10EF100000000000000000000000000000000000F1
:10EF200000000000000000000000000000000000E1
:10EF300000000000000000000000000000000000D1
:10EF400000000000000000000000000000000000C1
:10EF500000000000000000000000000000000000B1
:10EF600000F8070000FF1F0080FF7F00C0FFFF00C8
:10EF7000E0FFFF01F00FFC01F003F003F801E003F4
:10EF8000F801E003F800E003E000E0030000E00324
:10EF90000000E0030000F8010000FE0000E07F0038
:10EFA00000E03F0000F07F0000F0FF010070FF0371
:10EFB0000000F0070000E0070000C00F0000800F15
:10EFC0000000800F0000800F0000801FE000801F05
:10EFD000FC00800FF800800FF801C00FF801E00F6F
:10EFE000F003F007F00FFC03E0FFFF03C0FFFF0199
:10EFF00080FF7F0000FF3F0000F8070000000000D6
:10F000000000000000000000000000000000000000
:10F0100000000000000000000000000000000000F0
:10F0200000000000000000000000000000000000E0
:10F0300000000000000000000000000000000000D0
:10F0400000000000000000000000000000000000C0
:10F0500000000000000000000000000000000000B0
:10F060000000780000007C0000007E0000007E00B0
:10F0700000007F0000807F0000C07F0000E07F0074
:10F0800000E07F0000F07D0000F87C00007C7C0048
:10F09000003C7C00003E7C00001F7C00800F7C0058
:10F0A00080077C00C0077C00E0037C00F0017C004E
:10F0B000F8007C00F8007C007C007C003E007C00B6
:10F0C000FEFFFF1FFEFFFF1FFEFFFF1FFEFFFF1FD4
:10F0D000FEFFFF1F00007C0000007C0000007C00A1
:10F0E00000007C0000007C0000007C0000007C0030
:10F0F00000007C0000007C0000007C00000000009C
:10F1000000000000000000000000000000000000FF
:10F1100000000000000000000000000000000000EF
:10F1200000000000000000000000000000000000DF
:10F1300000000000000000000000000000000000CF
:10F1400000000000000000000000000000000000BF
:10F1500000000000000000000000000000000000AF
:10F1600080FFFF0780FFFF0780FFFF07C0FFFF074B
:10F17000C0FFFF07C0070000C0070000C007000075
:10F18000E0030000E0030000E0030000E0030000F3
:10F19000E0030000F0E10F00F0F97F00F0FFFF0056
:10F1A000F0FFFF01F0FFFF03F00FFC07F803F00F83
:10F1B000E000C00F0000C00F0000801F0000801F93
:10F1C0000000001F0000001F0000001F0000801F43
:10F1D000FC00801FF800800FF800C00FF801E00F5E
:10F1E000F003F007F00FFC03E0FFFF03C0FFFF0197
:10F1F00080FF7F0000FF3F0000F8070000000000D4
:10F2000000000000000000000000000000000000FE
:10F2100000000000000000000000000000000000EE
:10F2200000000000000000000000000000000000DE
:10F2300000000000000000000000000000000000CE
:10F2400000000000000000000000000000000000BE
:10F2500000000000000000000000000000000000AE
:10F2600000F00F0000FC7F0000FFFF0080FFFF01A7
:10F27000C0FFFF03C01FF803E00FE007F007C0075F
:10F28000F003C00FF001800FF8010000F80000004B
:10F29000F8000000F8000000F8E00F007CF87F00A4
:10F2A0007CFCFF007CFEFF01FCFFFF03FC1FF80756
:10F2B000FC07E007FC03C00FFC01800FFC00800F7F
:10F2C000FC00800FFC00801FF800001FF800800F7A
:10F2D000F800800FF801800FF001C00FF003C007A5
:10F2E000E007E007E01FF803C0FFFF0380FFFF0116
:10F2F00000FFFF0000FE3F0000F00F0000000000D4
:10F3000000000000000000000000000000000000FD
:10F3100000000000000000000000000000000000ED
:10F3200000000000000000000000000000000000DD
:10F3300000000000000000000000000000000000CD
:10F3400000000000000000000000000000000000BD
:10F3500000000000000000000000000000000000AD
:10F36000F8FFFF1FF8FFFF1FF8FFFF1FF8FFFF1F49
:10F37000F8FFFF0F0000C0070000E0030000F003EB
:10F380000000F8010000F8000000FC0000007E0012
:10F3900000003E0000003F0000001F0000801F0032
:10F3A00000800F0000C00F0000C0070000E0070051
:10F3B00000E0030000F0030000F0010000F0010095
:10F3C00000F8000000F8000000F80000007C0000D9
:10F3D000007C0000007C0000007C0000003E00007B
:10F3E000003E0000003E0000003E0000003E000025
:10F3F000003E0000001F0000001F00000000000091
:10F4000000000000000000000000000000000000FC
:10F4100000000000000000000000000000000000EC
:10F4200000000000000000000000000000000000DC
:10F4300000000000000000000000000000000000CC
:10F4400000000000000000000000000000000000BC
:10F4500000000000000000000000000000000000AC
:10F4600000F80F0000FE3F0080FF7F00C0FFFF019B
:10F47000C0FFFF01E01FFC03F007F003F003E0070B
:10F48000F001C007F001C007F001C007F001C0079C
:10F49000F003E007E007F003C01FFC0180FFFF015D
:10F4A00000FF7F0000FE3F0080FFFF00C0FFFF0164
:10F4B000E00FFC03F003F007F801C00FF800800F25
:10F4C000F800800F7C00801F7C00001F7C00001F64
:10F4D000FC00001FF800800FF800800FF801C00F3B
:10F4E000F003E007F01FFC07E0FFFF03C0FFFF0190
:10F4F00080FFFF0000FF3F0000F80F000000000049
:10F5000000000000000000000000000000000000FB
:10F5100000000000000000000000000000000000EB
:10F5200000000000000000000000000000000000DB
:10F5300000000000000000000000000000000000CB
:10F5400000000000000000000000000000000000BB
:10F5500000000000000000000000000000000000AB
:10F5600000F8070000FF1F0080FF7F00C0FFFF00C2
:10F57000E0FFFF01F01FFC03F007F003F801E007D4
:10F58000F801C007F800C00FF800800F7C00800F62
:10F590007C00800F7C00800FFC00800FF800800F43
:10F5A000F800C00FF801E01FF003F01FF00FFC1F80
:10F5B000E0FFFF0FC0FF3F0F80FF9F0F00FF8F0F87
:10F5C00000FC810F0000800F0000800F0000800F02
:10F5D0000000C007F800C007F800E007F001F003E2
:10F5E000F003F803F007FE01E0FFFF00C0FF7F001B
:10F5F00080FF3F0000FF1F0000FC03000000000030
:10F6000000000000000000000000000000000000FA
:10F6100000000000000000000000000000000000EA
:10F6200000000000000000000000000000000000DA
:10F6300000000000000000000000000000000000CA
:10F6400000000000000000000000000000000000BA
:10F6500000000000000000000000000000000000AA
:10F66000000000000000000000000000000000009A
:10F67000000000000000000000000000000000008A
:10F680000000000000000000E0070000E0070000AC
:10F69000E0070000E0070000E007000000000000B5
:10F6A000000000000000000000000000000000005A
:10F6B000000000000000000000000000000000004A
:10F6C000000000000000000000000000000000003A
:10F6D000000000000000000000000000000000002A
:10F6E0000000000000000000E0070000E00700004C
:10F6F000E0070000E0070000E00700000000000055
:10F7000000000000000000000000000000000000F9
:10F7100000000000000000000000000000000000E9
:10F7200000000000000000000000000000000000D9
:10F7300000000000000000000000000000000000C9
:10F7400000000000000000000000000000000000B9
:10F7500000000000000000000000000000000000A9
:10F760000000000000000000000000000000000099
:10F770000000000000000000000000000000000089
:10F780000000000000000000E0070000E0070000AB
:10F79000E0070000E0070000E007000000000000B4
:10F7A0000000000000000000000000000000000059
:10F7B0000000000000000000000000000000000049
:10F7C0000000000000000000000000000000000039
:10F7D0000000000000000000000000000000000029
:10F7E0000000000000000000E0070000E00700004B
:10F7F000E0070000E0070000E0070000000700004D
:10F8000000070000000700008003000080030000E4
:10F81000C0030000E0010000400000000000000004
:10F8200000000000000000000000000000000000D8
:10F8300000000000000000000000000000000000C8
:10F8400000000000000000000000000000000000B8
:10F8500000000000000000000000000000000000A8
:10F860000000000000000000000000000000000098
:10F870000000000000000000000000200000003C2C
:10F880000000003F0000E03F0000F83F0000FF1FC5
:10F8900000C0FF0300F0FF0000FE1F0080FF070014
:10F8A000F0FF0000F83F0000F8070000F80100003A
:10F8B000F8070000F83F0000F0FF000080FF07009D
:10F8C00000FE1F0000F0FF0000C0FF030000FF1F4C
:10F8D0000000F83F0000E03F0000003F0000003C57
:10F8E00000000020000000000000000000000000F8
:10F8F0000000000000000000000000000000000008
:10F9000000000000000000000000000000000000F7
:10F9100000000000000000000000000000000000E7
:10F9200000000000000000000000000000000000D7
:10F9300000000000000000000000000000000000C7
:10F9400000000000000000000000000000000000B7
:10F9500000000000000000000000000000000000A7
:10F960000000000000000000000000000000000097
:10F970000000000000000000000000000000000087
:10F98000000000000000000000000000F8FFFF3F42
:10F99000F8FFFF3FF8FFFF3FF8FFFF3FF8FFFF3F93
:10F9A0000000000000000000000000000000000057
:10F9B000000000000000000000000000F8FFFF3F12
:10F9C000F8FFFF3FF8FFFF3FF8FFFF3FF8FFFF3F63
:10F9D0000000000000000000000000000000000027
:10F9E0000000000000000000000000000000000017
:10F9F0000000000000000000000000000000000007
:10FA000000000000000000000000000000000000F6
:10FA100000000000000000000000000000000000E6
:10FA200000000000000000000000000000000000D6
:10FA300000000000000000000000000000000000C6
:10FA400000000000000000000000000000000000B6
:10FA500000000000000000000000000000000000A6
:10FA60000000000000000000000000000000000096
:10FA70000000000000000000080000007800000006
:10FA8000F8010000F80F0000F83F0000F0FF01004F
:10FA900080FF070000FE1F0000F0FF0000C0FF0312
:10FAA0000000FE1F0000F83F0000C03F0000003FC4
:10FAB0000000C03F0000F83F0000FE1F00C0FF0331
:10FAC00000F0FF0000FE1F0080FF0700F0FF0100B4
:10FAD000F83F0000F80F0000F80100007800000077
:10FAE000080000000000000000000000000000000E
:10FAF0000000000000000000000000000000000006
:10FB000000000000000000000000000000000000F5
:10FB100000000000000000000000000000000000E5
:10FB200000000000000000000000000000000000D5
:10FB300000000000000000000000000000000000C5
:10FB400000000000000000000000000000000000B5
:10FB500000000000000000000000000000F80F009E
:10FB600000FE3F0080FFFF00C0FFFF01E0FFFF033A
:10FB7000E01FFC07F007F007F003E00FF801C00FEB
:10FB8000F801800FF800800FF800800FE000800F70
:10FB90000000800F0000800F0000C0070000E00799
:10FBA0000000F0030000F8010000FC010000FE006E
:10FBB00000003F0000801F0000C00F0000C00700D1
:10FBC00000E0070000E0030000E0030000E00300A5
:10FBD00000E0030000E0030000000000000000005F
:10FBE000000000000000000000F0030000F003002F
:10FBF00000F0030000F0030000F00300000000002C
:10FC000000000000000000000000000000000000F4
:10FC100000000000000000000000000000000000E4
:10FC200000000000000000000000000000000000D4
:10FC300000000000000000000000000000000000C4
:10FC400000000000000000000000000000000000B4
:10FC5000000000000000000000000000000000FFA5
:10FC60000000F0FF0000FCFF0000FFFF00C0FFFFEE
:10FC700000E0FF0100F01F0000F8070000FC010099
:10FC800000FE0000003E007E001FC0FF800FE0FF6E
:10FC9000800FF0FFC007F8FFC003FC83E003FE0005
:10FCA000E0017E00E0013F00F0011F00F0801F0036
:10FCB000F0800F00F0C00F00F8C0070078C0070008
:10FCC00078C0070078C0070078C0070078C0070038
:10FCD00078C0070078C00700F8C00780F0C00FC0E8
:10FCE000F0801FE0F0803FF8F001FFFFE001FE7FB1
:10FCF000E003FE3FE003F80FC007E003C00F000081
:10FD0000801F0000003F000000FE000000FE030016
:10FD100000F81F0000F0FF0100E0FFFF0080FFFF80
:10FD20000000FEFF0000F8FF000000FF00000000E0
:10FD300000000000000000000000000000000000C3
:10FD400000000000000000000000000000000000B3
:10FD500000000000000000000000000000801F0004
:10FD600000801F0000803F0000C03F0000C07F00F7
:10FD700000E07F0000E07F0000E0F90000F0F90003
:10FD800000F0F90100F0F10100F8F00100F8E003E3
:10FD9000007CE003007CE007007CC007003EC00759
:10FDA000003EC00F003F800F001F801F001F001F7C
:10FDB000800F003F80FFFF3FC0FFFF3FC0FFFF7F7E
:10FDC000C0FFFF7FE0FFFFFFE00300FCF00300F84F
:10FDD000F00100F8F00100F8F80100F0F80000F080
:10FDE000F80000E0FC0000E07C0000E07E0000C0C5
:10FDF0007E0000C03E0000C03F0000800000000008
:10FE000000000000000000000000000000000000F2
:10FE100000000000000000000000000000000000E2
:10FE200000000000000000000000000000000000D2
:10FE300000000000000000000000000000000000C2
:10FE400000000000000000000000000000000000B2
:10FE5000000000000000000000000000F0FFFF00B4
:10FE6000F0FFFF07F0FFFF0FF0FFFF3FF0FFFF3F46
:10FE7000F001807FF001007EF00100FCF00100F84D
:10FE8000F00100F8F00100F8F00100F8F00100F8CE
:10FE9000F00100F8F001007CF001007EF001803FED
:10FEA000F0FFFF1FF0FFFF0FF0FFFF0FF0FFFF3F1E
:10FEB000F0FFFF7FF00100FFF00100FCF00100F80F
:10FEC000F00100F0F00100F0F00100E0F00100E0CE
:10FED000F00100E0F00100F0F00100F0F00100F8A6
:10FEE000F00100FCF00100FFF0FFFFFFF0FFFF7FDB
:10FEF000F0FFFF3FF0FFFF0FF0FFFF0100000000E9
:10FF000000000000000000000000000000000000F1
:10FF100000000000000000000000000000000000E1
:10FF200000000000000000000000000000000000D1
:10FF300000000000000000000000000000000000C1
:10FF400000000000000000000000000000000000B1
:10FF500000000000000000000000FE0300C0FF1FC2
:10FF600000F0FF7F00FCFFFF00FEFFFF00FF03FE2D
:10FF7000807F00F8C01F00E0C00F00C0E00700C095
:10FF8000E0070080F0030080F0030000F0010000B3
:10FF9000F8010000F8010000F8010000F80100007D
:10FFA000F8000000F8000000F8000000F800000071
:10FFB000F8000000F8000000F8010000F80100005F
:10FFC000F8010000F0010000F0010000F003000063
:10FFD000E0030080E0070080E00700C0C00F00C021
:10FFE000C01F00F0807F00F800FF03FF00FEFFFF4E
:10FFF00000FCFFFF00F8FF7F00E0FF1F0000FF0391
:020000040801F1
:1000000000000000000000000000000000000000F0
:1000100000000000000000000000000000000000E0
:1000200000000000000000000000000000000000D0
:1000300000000000000000000000000000000000C0
:1000400000000000000000000000000000000000B0
:10005000000000000000000000000000F0FFFF01B1
:10006000F0FFFF0FF0FFFF3FF0FFFF7FF0FFFFFF0C
:10007000F00380FFF00300FCF00300F8F00300F051
:10008000F00300E0F00300C0F00300C0F0030080C4
:10009000F0030080F0030080F0030080F003008094
:1000A000F0030000F0030000F0030000F003000084
:1000B000F0030000F0030000F0030080F003008074
:1000C000F0030080F0030080F0030080F00300C024
:1000D000F00300C0F00300E0F00300F0F00300F8CC
:1000E000F00300FCF00380FFF0FFFFFFF0FFFF7F55
:1000F000F0FFFF1FF0FFFF0FF0FFFF000000000008
:1001000000000000000000000000000000000000EF
:1001100000000000000000000000000000000000DF
:1001200000000000000000000000000000000000CF
:1001300000000000000000000000000000000000BF
:1001400000000000000000000000000000000000AF
:10015000000000000000000000000000E0FFFFFFC2
:10016000E0FFFFFFE0FFFFFFE0FFFFFFE0FFFFFF1B
:10017000E0030000E0030000E0030000E0030000F3
:10018000E0030000E0030000E0030000E0030000E3
:10019000E0030000E0030000E0030000E0030000D3
:1001A000E0FFFFFFE0FFFFFFE0FFFFFFE0FFFFFFDB
:1001B000E0FFFFFFE0030000E0030000E0030000B9
:1001C000E0030000E0030000E0030000E0030000A3
:1001D000E0030000E0030000E0030000E003000093
:1001E000E0030000E0030000E0FFFFFFE0FFFFFF8F
:1001F000E0FFFFFFE0FFFFFFE0FFFFFF0000000068
:1002000000000000000000000000000000000000EE
:1002100000000000000000000000000000000000DE
:1002200000000000000000000000000000000000CE
:1002300000000000000000000000000000000000BE
:1002400000000000000000000000000000000000AE
:10025000000000000000000000000000E0FFFFFFC1
:10026000E0FFFFFFE0FFFFFFE0FFFFFFE0FFFFFF1A
:10027000E0030000E0030000E0030000E0030000F2
:10028000E0030000E0030000E0030000E0030000E2
:10029000E0030000E0030000E0030000E0030000D2
:1002A000E0FFFF1FE0FFFF1FE0FFFF1FE0FFFF1F5A
:1002B000E0FFFF1FE0030000E0030000E003000098
:1002C000E0030000E0030000E0030000E0030000A2
:1002D000E0030000E0030000E0030000E003000092
:1002E000E0030000E0030000E0030000E003000082
:1002F000E0030000E0030000E00300000000000055
:1003000000000000000000000000000000000000ED
:1003100000000000000000000000000000000000DD
:1003200000000000000000000000000000000000CD
:1003300000000000000000000000000000000000BD
:1003400000000000000000000000000000000000AD
:1003500000000000000000000000FC0F0080FF7F94
:1003600000E0FFFF00F8FFFF00FCFFFF00FE07F8C2
:1003700000FF00C0803F0080C01F0000C00F0000D1
:10038000E00F0000E0070000E0030000F0030000C1
:10039000F0030000F0010000F0010000F80100008F
:1003A000F8010000F8010000F8010000F80180FFEA
:1003B000F80180FFF80180FFF80180FFF80180FF5D
:1003C000F0010000F0030000F0030000E003000073
:1003D000E0070000E0070000C00F0000C01F0000A1
:1003E000807F000000FF008000FE0FF800FCFFFF90
:1003F00000F8FFFF00E0FFFF0080FFFF0000FC1F90
:1004000000000000000000000000000000000000EC
:1004100000000000000000000000000000000000DC
:1004200000000000000000000000000000000000CC
:1004300000000000000000000000000000000000BC
:1004400000000000000000000000000000000000AC
:10045000000000000000000000000000E00300C0F9
:10046000E00300C0E00300C0E00300C0E00300C000
:10047000E00300C0E00300C0E00300C0E00300C0F0
:10048000E00300C0E00300C0E00300C0E00300C0E0
:10049000E00300C0E00300C0E00300C0E0FFFFFF96
:1004A000E0FFFFFFE0FFFFFFE0FFFFFFE0FFFFFFD8
:1004B000E00300C0E00300C0E00300C0E00300C0B0
:1004C000E00300C0E00300C0E00300C0E00300C0A0
:1004D000E00300C0E00300C0E00300C0E00300C090
:1004E000E00300C0E00300C0E00300C0E00300C080
:1004F000E00300C0E00300C0E00300C00000000013
:1005000000000000000000000000000000000000EB
:1005100000000000000000000000000000000000DB
:1005200000000000000000000000000000000000CB
:1005300000000000000000000000000000000000BB
:1005400000000000000000000000000000000000AB
:10055000000000000000000000000000E0030000B8
:10056000E0030000E0030000E0030000E0030000FF
:10057000E0030000E0030000E0030000E0030000EF
:10058000E0030000E0030000E0030000E0030000DF
:10059000E0030000E0030000E0030000E0030000CF
:1005A000E0030000E0030000E0030000E0030000BF
:1005B000E0030000E0030000E0030000E0030000AF
:1005C000E0030000E0030000E0030000E00300009F
:1005D000E0030000E0030000E0030000E00300008F
:1005E000E0030000E0030000E0030000E00300007F
:1005F000E0030000E0030000E00300000000000052
:1006000000000000000000000000000000000000EA
:1006100000000000000000000000000000000000DA
:1006200000000000000000000000000000000000CA
:1006300000000000000000000000000000000000BA
:1006400000000000000000000000000000000000AA
:100650000000000000000000000000000000FC009E
:100660000000FC000000FC000000FC000000FC009A
:100670000000FC000000FC000000FC000000FC008A
:100680000000FC000000FC000000FC000000FC007A
:100690000000FC000000FC000000FC000000FC006A
:1006A0000000FC000000FC000000FC000000FC005A
:1006B0000000FC000000FC000000FC000000FC004A
:1006C0000000FC000000FC000000FC007800FC00C2
:1006D0007C00FC007C00FC007C007C007C007C003A
:1006E000FC007E00FC007E00F8833F00F8FF3F0026
:1006F000F0FF1F00E0FF0F00C0FF070000FF000039
:1007000000000000000000000000000000000000E9
:1007100000000000000000000000000000000000D9
:1007200000000000000000000000000000000000C9
:1007300000000000000000000000000000000000B9
:1007400000000000000000000000000000000000A9
:10075000000000000000000000000000F00100E0C8
:10076000F00100F0F00100F8F00100FCF00100FEE3
:10077000F001007FF001803FF001C01FF001E00FA9
:10078000F001F003F001F801F001FC00F0017E003F
:10079000F0013F00F0811F00F0C10F00F0E10F00F9
:1007A000F0F11F00F0F91F00F0FF3F00F07F7F0025
:1007B000F03FFE00F01FFC00F00FFC01F007F80313
:1007C000F003F003F001F007F001E00FF001C01FAB
:1007D000F001801FF001803FF001007FF00100FE7A
:1007E000F00100FEF00100FCF00100F8F00100F063
:1007F000F00100F0F00100E0F00100C00000000096
:1008000000000000000000000000000000000000E8
:1008100000000000000000000000000000000000D8
:1008200000000000000000000000000000000000C8
:1008300000000000000000000000000000000000B8
:1008400000000000000000000000000000000000A8
:10085000000000000000000000000000F0010000A7
:10086000F0010000F0010000F0010000F0010000C4
:10087000F0010000F0010000F0010000F0010000B4
:10088000F0010000F0010000F0010000F0010000A4
:10089000F0010000F0010000F0010000F001000094
:1008A000F0010000F0010000F0010000F001000084
:1008B000F0010000F0010000F0010000F001000074
:1008C000F0010000F0010000F0010000F001000064
:1008D000F0010000F0010000F0010000F001000054
:1008E000F0010000F0010000F0FFFF1FF0FFFF1F0C
:1008F000F0FFFF1FF0FFFF1FF0FFFF1F00000000D1
:1009000000000000000000000000000000000000E7
:1009100000000000000000000000000000000000D7
:1009200000000000000000000000000000000000C7
:1009300000000000000000000000000000000000B7
:1009400000000000000000000000000000000000A7
:10095000000000000000000000000000F01F000088
:10096000F01F0000F01F0000F03F0000F03F00000B
:10097000F03F0000F07F0000F07D0000F079000003
:10098000F0F90000F0F90000F0F10080F0F10180D2
:10099000F0F10180F0E101C0F0E103C0F0E103C03B
:1009A000F0C103E0F0C107E0F0C107E0F08107F01B
:1009B000F0810FF0F0810FF0F0010F78F0011F7857
:1009C000F0011F78F0011E3CF0013E3CF0013E3C7E
:1009D000F0013C1EF0017C1EF0017C1EF001780F3E
:1009E000F001F80FF001F80FF001F007F001F00747
:1009F000F001F007F001E003F001E0030000000067
:100A000000000000000000000000000000000000E6
:100A100000000000000000000000000000000000D6
:100A200000000000000000000000000000000000C6
:100A300000000000000000000000000000000000B6
:100A400000000000000000000000000000000000A6
:100A5000000000000000000000000000F003008023
:100A6000F0070080F0070080F00F0080F01F00808A
:100A7000F01F0080F03F0080F07F0080F07F00805A
:100A8000F0FD0080F0F90180F0F90180F0F10380C1
:100A9000F0E10780F0E10780F0C10F80F0811F8056
:100AA000F0811F80F0013F80F0017E80F0017E80A8
:100AB000F001FC80F001F881F001F881F001F08391
:100AC000F001E087F001E087F001C08FF001809F26
:100AD000F001809FF00100FFF00100FEF00100FE38
:100AE000F00100FCF00100F8F00100F8F00100F066
:100AF000F00100E0F00100E0F00100C000000000A3
:100B000000000000000000000000000000000000E5
:100B100000000000000000000000000000000000D5
:100B200000000000000000000000000000000000C5
:100B300000000000000000000000000000000000B5
:100B400000000000000000000000000000000000A5
:100B500000000000000000000000FE0700C0FF3F92
:100B600000F0FFFF00F8FFFF00FEFFFF00FF07FCA3
:100B700000FF00F0803F00C0C01F0080E00F0000B9
:100B8000E0070000E0030000F0030000F0010000B7
:100B9000F0010000F8010000F8010000F801000079
:100BA000F8000000F8000000F8000000F800000065
:100BB000F8000000F8000000F8000000F801000054
:100BC000F8010000F0010000F0010000F003000057
:100BD000E0030000E0070000C00F0000C01F00801D
:100BE000803F00C000FF00F000FE03FC00FCFFFFA0
:100BF00000F8FFFF00F0FFFF00C0FF3F0000FE070E
:100C000000000000000000000000000000000000E4
:100C100000000000000000000000000000000000D4
:100C200000000000000000000000000000000000C4
:100C300000000000000000000000000000000000B4
:100C400000000000000000000000000000000000A4
:100C5000000000000000000000000000F0FFFF03A3
:100C6000F0FFFF1FF0FFFF7FF0FFFFFFF0FFFFFF30
:100C7000F00300FEF00300F8F00300F0F00300F0D2
:100C8000F00300E0F00300E0F00300E0F00300E018
:100C9000F00300E0F00300E0F00300F0F00300F0E8
:100CA000F00300FCF00300FFF0FFFFFFF0FFFF7F09
:100CB000F0FFFF3FF0FFFF1FF0FFFF03F003000016
:100CC000F0030000F0030000F0030000F003000058
:100CD000F0030000F0030000F0030000F003000048
:100CE000F0030000F0030000F0030000F003000038
:100CF000F0030000F0030000F0030000000000001B
:100D000000000000000000000000000000000000E3
:100D100000000000000000000000000000000000D3
:100D200000000000000000000000000000000000C3
:100D300000000000000000000000000000000000B3
:100D400000000000000000000000000000000000A3
:100D500000000000000000000000FE0700C0FF3F90
:100D600000F0FFFF00FCFFFF00FEFFFF00FF03FE9F
:100D7000807F00F0803F00C0C01F0080E00F0000B7
:100D8000E0070000F0030000F0030000F0010000A5
:100D9000F8010000F8010000F8000000F800000071
:100DA000F8000000F8000000F8000000F800000063
:100DB000F8000000F8000000F8000000F800000053
:100DC000F8010000F8010000F0010000F00300004D
:100DD000F0038001E007800FE00FC01FC01FC0FFBD
:100DE000803F00FF807F00FC00FF03FE00FEFFFF4E
:100DF00000F8FFFF00F0FFFF00C0FF3F0000FE070C
:100E000000000000000000000000000000000000E2
:100E100000000000000000000000000000000000D2
:100E200000000000000000000000000000000000C2
:100E300000000000000000000000000000000000B2
:100E400000000000000000000000000000000000A2
:100E5000000000000000000000000000E0FFFF0FA5
:100E6000E0FFFF7FE0FFFFFFE0FFFFFFE0FFFFFF8E
:100E7000E00300FCE00300F0E00300E0E00300C05A
:100E8000E00300C0E0030080E0030080E00300C056
:100E9000E00300C0E00300E0E00300F0E00300FC3A
:100EA000E0FFFFFFE0FFFFFFE0FFFFFFE0FFFF3F8E
:100EB000E0FFFF0FE003F803E003E00FE003C01FD3
:100EC000E003803FE003007FE003007EE00300FEDC
:100ED000E00300FCE00300F8E00300F8E00300F0AA
:100EE000E00300E0E00300E0E00300C0E003008076
:100EF000E0030080E0030000E003000000000000C9
:100F000000000000000000000000000000000000E1
:100F100000000000000000000000000000000000D1
:100F200000000000000000000000000000000000C1
:100F300000000000000000000000000000000000B1
:100F400000000000000000000000000000000000A1
:100F5000000000000000000000E07F0000FCFF0334
:100F600000FEFF0F80FFFF1FC0FFFF3FC03FC07F9D
:100F7000E00F00FEE00300FCF00300F8F00100F8D1
:100F8000F00100F0F00100F0F0010000F0030000BB
:100F9000E0070000E00F0000C07F0000C0FF070076
:100FA00080FF7F0000FEFF0300FCFF0F00E0FF3F1B
:100FB0000000FE7F0000E0FF000000FF000000FCDA
:100FC000000000F0000000F0F80000E0F80000E091
:100FD000F80000E0F80000E0F80100E0F00300F0A5
:100FE000F00700F8E00F00FCE07F80FFC0FFFF7F0C
:100FF00080FFFF3F00FEFF1F00F8FF0700C0FF005B
:1010000000000000000000000000000000000000E0
:1010100000000000000000000000000000000000D0
:1010200000000000000000000000000000000000C0
:1010300000000000000000000000000000000000B0
:1010400000000000000000000000000000000000A0
:10105000000000000000000000000000FCFFFFFF97
:10106000FCFFFFFFFCFFFFFFFCFFFFFFFCFFFFFF9C
:1010700000800F0000800F0000800F0000800F0034
:1010800000800F0000800F0000800F0000800F0024
:1010900000800F0000800F0000800F0000800F0014
:1010A00000800F0000800F0000800F0000800F0004
:1010B00000800F0000800F0000800F0000800F00F4
:1010C00000800F0000800F0000800F0000800F00E4
:1010D00000800F0000800F0000800F0000800F00D4
:1010E00000800F0000800F0000800F0000800F00C4
:1010F00000800F0000800F0000800F000000000043
:1011000000000000000000000000000000000000DF
:1011100000000000000000000000000000000000CF
:1011200000000000000000000000000000000000BF
:1011300000000000000000000000000000000000AF
:10114000000000000000000000000000000000009F
:10115000000000000000000000000000E00300C0EC
:10116000E00300C0E00300C0E00300C0E00300C0F3
:10117000E00300C0E00300C0E00300C0E00300C0E3
:10118000E00300C0E00300C0E00300C0E00300C0D3
:10119000E00300C0E00300C0E00300C0E00300C0C3
:1011A000E00300C0E00300C0E00300C0E00300C0B3
:1011B000E00300C0E00300C0E00300C0E00300C0A3
:1011C000E00300C0E00300C0E00300C0E00300C093
:1011D000E00300C0E00700E0E00700E0C00F00E02F
:1011E000C01F00F0803F00FC80FF00FF00FFFFFFFA
:1011F00000FEFF7F00FCFF3F00F0FF0F0080FF01BB
:1012000000000000000000000000000000000000DE
:1012100000000000000000000000000000000000CE
:1012200000000000000000000000000000000000BE
:1012300000000000000000000000000000000000AE
:10124000000000000000000000000000000000009E
:101250000000000000000000000000003E000080D0
:101260007E0000807E0000C07C0000C0FC0000C04A
:10127000FC0000E0F80000E0F80100E0F00100F000
:10128000F00100F0F00300F8E00300F8E00700F8D8
:10129000C007007CC007007CC00F007C800F003EB0
:1012A000800F003E001F001E001F001F001F001FB8
:1012B000003E800F003E800F007E8007007CC0074C
:1012C000007CC00700F8C00300F8E00300F8E0036A
:1012D00000F0E10100F0F10100E0F10000E0F300B6
:1012E00000E0FB0000C07B0000C07F0000C03F00AA
:1012F00000803F0000803F0000001F000000000051
:1013000000000000000000000000000000000000DD
:1013100000000000000000000000000000000000CD
:1013200000000000000000000000000000000000BD
:1013300000000000000000000000000000000000AD
:10134000000000000000000000000000000000009D
:101350000000000000000000000000007E0000FE11
:101360007C0000FE7C0000FF7C0000FFFC0000FF12
:10137000F80080FFF80080EFF80080EFF801C0E788
:10138000F001C0C7F001C0C7F001E0C3E003E08393
:10139000E003E083E003F083E003F081C003F001A9
:1013A000C007F801C007F800C007F8008007F80080
:1013B000800F7C00800F7C00800F7C00000F3E00BF
:1013C000001F3E00001F3E00001F1F00001E1F00E8
:1013D000001E1F0000BE1F0000BC0F0000BC0F005D
:1013E00000FC0F0000FC070000F8070000F80700F1
:1013F00000F8030000F8030000F003000000000004
:1014000000000000000000000000000000000000DC
:1014100000000000000000000000000000000000CC
:1014200000000000000000000000000000000000BC
:1014300000000000000000000000000000000000AC
:10144000000000000000000000000000000000009C
:10145000000000000000000000000000FC0100E0AF
:10146000F80100E0F00300F0E00700F8E00700FCFE
:10147000C00F00FC801F007E803F003F003F001F28
:10148000007E801F00FEC00F00FCE00700F8E107AF
:1014900000F0F30300F0FB0100E0FF0000C0FF00DC
:1014A00000C07F0000803F0000803F0000807F0080
:1014B00000C0FF0000E0FF0000F0FF0100F0FB03B0
:1014C00000F8F10300FCE00700FCE00F007EC00F15
:1014D000003F801F803F803F801F007FC00F007E45
:1014E000E00700FEF00700FCF00300F8F80100F050
:1014F000FC0000F0FE0000E07E0000C000000000E4
:1015000000000000000000000000000000000000DB
:1015100000000000000000000000000000000000CB
:1015200000000000000000000000000000000000BB
:1015300000000000000000000000000000000000AB
:10154000000000000000000000000000000000009B
:101550000000000000000000000000007E0000C04D
:10156000FE0000C0FC0000E0F80100F0F80300F00D
:10157000F00300F8E00700FCE00F00FCC00F007E65
:10158000801F003F803F001F003F801F007EC00F74
:10159000007EC00700FCE00700F8F10300F8F1014D
:1015A00000F0FB0100E0FF0000E07F0000C07F00D2
:1015B00000803F0000801F0000001F0000001F008F
:1015C00000001F0000001F0000001F0000001F009F
:1015D00000001F0000001F0000001F0000001F008F
:1015E00000001F0000001F0000001F0000001F007F
:1015F00000001F0000001F0000001F00000000008E
:1016000000000000000000000000000000000000DA
:1016100000000000000000000000000000000000CA
:1016200000000000000000000000000000000000BA
:1016300000000000000000000000000000000000AA
:10164000000000000000000000000000000000009A
:10165000000000000000000000000000F0FFFFFF9D
:10166000F0FFFFFFF0FFFFFFF0FFFFFFF0FFFFFFC6
:10167000000000FE0000007E0000003F0000801F10
:101680000000C00F0000E0070000F0070000F803B2
:101690000000F8010000FC0000007E0000007F0058
:1016A00000803F0000801F0000C00F0000E0070026
:1016B00000F0030000F8030000FC010000FC000043
:1016C000007E0000003F0000801F0000C01F0000DF
:1016D000C00F0000E0070000F0030000F801000068
:1016E000FC010000FE000000FEFFFFFFFEFFFFFF09
:1016F000FEFFFFFFFEFFFFFFFEFFFFFF00000000F9
:1017000000000000000000000000000000000000D9
:1017100000000000000000000000000000000000C9
:1017200000000000000000000000000000000000B9
:1017300000000000000000000000000000000000A9
:101740000000000000000000000000000000000099
:10175000000000000000000000000000F07F00001A
:10176000F07F0000F07F0000F07F0000F07F0000BD
:10177000F0010000F0010000F0010000F0010000A5
:10178000F0010000F0010000F0010000F001000095
:10179000F0010000F0010000F0010000F001000085
:1017A000F0010000F0010000F0010000F001000075
:1017B000F0010000F0010000F0010000F001000065
:1017C000F0010000F0010000F0010000F001000055
:1017D000F0010000F0010000F0010000F001000045
:1017E000F0010000F0010000F0010000F001000035
:1017F000F0010000F0010000F0010000F001000025
:10180000F0010000F0010000F0010000F001000014
:10181000F0010000F07F0000F07F0000F07F00008A
:10182000F07F0000F07F00000000000000000000DA
:1018300000000000000000000000000000000000A8
:101840000000000000000000000000000000000098
:101850000000000000000000000000000F00000079
:101860001E0000001E0000001E0000001E00000000
:101870003C0000003C0000003C000000780000003C
:10188000780000007800000070000000F000000008
:10189000F0000000F0000000E0010000E0010000A6
:1018A000E0010000C0030000C0030000C00300000E
:1018B0008003000080070000800700008007000010
:1018C000000F0000000F0000000F0000001E0000CD
:1018D000001E0000001E0000001E0000003C000072
:1018E000003C0000003C0000007800000078000090
:1018F0000078000000F0000000F000000000000090
:1019000000000000000000000000000000000000D7
:1019100000000000000000000000000000000000C7
:1019200000000000000000000000000000000000B7
:1019300000000000000000000000000000000000A7
:101940000000000000000000000000000000000097
:10195000000000000000000000000000FE0F00007A
:10196000FE0F0000FE0F0000FE0F0000FE0F000043
:10197000800F0000800F0000800F0000800F00002B
:10198000800F0000800F0000800F0000800F00001B
:10199000800F0000800F0000800F0000800F00000B
:1019A000800F0000800F0000800F0000800F0000FB
:1019B000800F0000800F0000800F0000800F0000EB
:1019C000800F0000800F0000800F0000800F0000DB
:1019D000800F0000800F0000800F0000800F0000CB
:1019E000800F0000800F0000800F0000800F0000BB
:1019F000800F0000800F0000800F0000800F0000AB
:101A0000800F0000800F0000800F0000800F00009A
:101A1000800F0000FE0F0000FE0F0000FE0F000010
:101A2000FE0F0000FE0F000000000000000000009C
:101A300000000000000000000000000000000000A6
:101A40000000000000000000000000000000000096
:101A50000000000000000000003C0000007E0000CC
:101A6000007E0000007E000000FF000000FF00007C
:101A700080EF010080E7010080E70300C0C703009A
:101A8000C0C30300E0C30700E0810700E0810F004E
:101A9000F0810F00F0000F00F8001F00F8001F0099
:101AA00078003E007C003E007C003E003E007C0052
:101AB0000000000000000000000000000000000026
:101AC0000000000000000000000000000000000016
:101AD0000000000000000000000000000000000006
:101AE00000000000000000000000000000000000F6
:101AF00000000000000000000000000000000000E6
:101B000000000000000000000000000000000000D5
:101B100000000000000000000000000000000000C5
:101B200000000000000000000000000000000000B5
:101B300000000000000000000000000000000000A5
:101B40000000000000000000000000000000000095
:101B50000000000000000000000000000000000085
:101B60000000000000000000000000000000000075
:101B70000000000000000000000000000000000065
:101B80000000000000000000000000000000000055
:101B90000000000000000000000000000000000045
:101BA0000000000000000000000000000000000035
:101BB0000000000000000000000000000000000025
:101BC0000000000000000000000000000000000015
:101BD0000000000000000000000000000000000005
:101BE00000000000000000000000000000000000F5
:101BF00000000000000000000000000000000000E5
:101C000000000000000000000000000000000000D4
:101C100000000000FFFFFFFFFFFFFFFFFFFFFFFFD0
:101C2000FFFFFFFFFFFFFFFF0000000000000000BC
:101C300000000000000000000000000000000000A4
:101C40000000000000000000000000000000000094
:101C5000000000000000000000000000F80100008B
:101C6000F0030000E0030000E0070000C0070000F0
:101C7000800F0000000F0000001E000000000000A8
:101C80000000000000000000000000000000000054
:101C90000000000000000000000000000000000044
:101CA0000000000000000000000000000000000034
:101CB0000000000000000000000000000000000024
:101CC0000000000000000000000000000000000014
:101CD0000000000000000000000000000000000004
:101CE00000000000000000000000000000000000F4
:101CF00000000000000000000000000000000000E4
:101D000000000000000000000000000000000000D3
:101D100000000000000000000000000000000000C3
:101D200000000000000000000000000000000000B3
:101D300000000000000000000000000000000000A3
:101D40000000000000000000000000000000000093
:101D50000000000000000000000000000000000083
:101D60000000000000000000000000000000000073
:101D70000000000000000000000000000000000063
:101D80000000000000F81F0000FF7F0080FFFF013F
:101D9000C0FFFF03E0FFFF03F00FF807F003E007C9
:101DA000F801C007F800C007E000C0070000C00746
:101DB0000000F0070080FF0700FEFF07C0FFFF07DD
:101DC000E0FFFF07F0FFDF07F83FC007F801C0079B
:101DD000FC00C007FC00C0077C00E007FC00F00727
:101DE000FC00F807F803FF0FF8FFFF0FF0FFBF0F2D
:101DF000E0FF9F0FC0FF870F00FF001F00000000E3
:101E000000000000000000000000000000000000D2
:101E100000000000000000000000000000000000C2
:101E200000000000000000000000000000000000B2
:101E300000000000000000000000000000000000A2
:101E40000000000000000000000000000000000092
:101E5000000000000000000000000000F001000091
:101E6000F0010000F0010000F0010000F0010000AE
:101E7000F0010000F0010000F0010000F00100009E
:101E8000F0010000F0C10F00F0F17F00F0F9FF0059
:101E9000F0FDFF01F0FFFF03F03FF807F00FE00750
:101EA000F007C00FF003C00FF001800FF001801F9A
:101EB000F001001FF000001FF000001FF000001FE5
:101EC000F000001FF000001FF000001FF001001FD5
:101ED000F001800FF001800FF003C00FF003C00F7E
:101EE000F007F007F01FFC03F0FFFF03F0FCFF0119
:101EF000F0FCFF00F0F03F00F0E00F0000000000F9
:101F000000000000000000000000000000000000D1
:101F100000000000000000000000000000000000C1
:101F200000000000000000000000000000000000B1
:101F300000000000000000000000000000000000A1
:101F40000000000000000000000000000000000091
:101F50000000000000000000000000000000000081
:101F60000000000000000000000000000000000071
:101F70000000000000000000000000000000000061
:101F80000000000000F80F0000FE3F0080FFFF008F
:101F9000C0FFFF01E0FFFF01E01FFC03F007F003BB
:101FA000F003E007F801C007F800C001F8000000E6
:101FB000F80000007C0000007C0000007C000000B5
:101FC0007C0000007C0000007C000000F8000000A5
:101FD000F8008001F800C00FF801C007F001E00729
:101FE000F007F007E01FFC03E0FFFF01C0FFFF0167
:101FF00080FF7F0000FE3F0000F80F00000000009F
:1020000000000000000000000000000000000000D0
:1020100000000000000000000000000000000000C0
:1020200000000000000000000000000000000000B0
:1020300000000000000000000000000000000000A0
:102040000000000000000000000000000000000090
:102050000000000000000000000000000000C007B9
:102060000000C0070000C0070000C0070000C00754
:102070000000C0070000C0070000C0070000C00744
:102080000000C00700F8C10700FFC70780FFCF07A7
:10209000C0FFDF07E0FFFF07F00FFE07F003F807C0
:1020A000F801E007F800E007F800C007F800C007F3
:1020B0007C00C0077C0080077C0080077C008007D4
:1020C0007C0080077C0080077C0080077C00800704
:1020D000F800C007F800C007F801E007F001E007CA
:1020E000F007F007E00FFC07E0FFFF07C0FFBF07A6
:1020F00080FF9F0700FE8F0700F8830700000000A5
:1021000000000000000000000000000000000000CF
:1021100000000000000000000000000000000000BF
:1021200000000000000000000000000000000000AF
:10213000000000000000000000000000000000009F
:10214000000000000000000000000000000000008F
:10215000000000000000000000000000000000007F
:10216000000000000000000000000000000000006F
:10217000000000000000000000000000000000005F
:102180000000000000F80F0000FE3F0000FFFF000D
:10219000C0FFFF01E0FFFF03E00FF803F003E007DB
:1021A000F001C007F800800FF800800F7800000FE2
:1021B000FCFFFF1FFCFFFF1FFCFFFF1FFCFFFF1FBB
:1021C000FCFFFF1F7C0000007C0000007C00000082
:1021D000FC000000F8008003F801800FF803C00F36
:1021E000F007E00FF01FF807E0FFFF03C0FFFF0359
:1021F00080FFFF0000FE7F0000F80F0000000000DD
:1022000000000000000000000000000000000000CE
:1022100000000000000000000000000000000000BE
:1022200000000000000000000000000000000000AE
:10223000000000000000000000000000000000009E
:10224000000000000000000000000000000000008E
:1022500000000000000000000000000000FE03007D
:1022600000FF030080FF0300C0FF0100C0FF01006A
:10227000E00F0000E0070000E0030000E0030000C2
:10228000E0030000E0030000FEFF0000FEFF00008E
:10229000FEFF0000FEFF0000FEFF0000E003000064
:1022A000E0030000E0030000E0030000E0030000A2
:1022B000E0030000E0030000E0030000E003000092
:1022C000E0030000E0030000E0030000E003000082
:1022D000E0030000E0030000E0030000E003000072
:1022E000E0030000E0030000E0030000E003000062
:1022F000E0030000E0030000E00300000000000035
:1023000000000000000000000000000000000000CD
:1023100000000000000000000000000000000000BD
:1023200000000000000000000000000000000000AD
:10233000000000000000000000000000000000009D
:10234000000000000000000000000000000000008D
:10235000000000000000000000000000000000007D
:10236000000000000000000000000000000000006D
:10237000000000000000000000000000000000005D
:102380000000000000F8030000FF8F0780FF9F0798
:10239000C0FFFF07E0FFFF07F00FFE07F003F8079D
:1023A000F801F007F800E007F800C0077C00C0075C
:1023B0007C00C0077C0080077C0080077C008007D1
:1023C0007C0080077C0080077C0080077C00800701
:1023D0007C00C007F800C007F800E007F801E0073C
:1023E000F003F807F00FFE07E0FFFF07C0FFFF074D
:1023F00080FFDF0700FFCF0700FCC3070000C00716
:102400001800C007F800C007F800E007F801F00363
:10241000F007FC03F0FFFF01E0FFFF00C0FF7F00BB
:1024200080FF1F0000FC070000000000000000000B
:10243000000000000000000000000000000000009C
:10244000000000000000000000000000000000008C
:10245000000000000000000000000000F00100008B
:10246000F0010000F0010000F0010000F0010000A8
:10247000F0010000F0010000F0010000F001000098
:10248000F0010000F0C11F00F0F17F00F0F9FF0142
:10249000F0FDFF01F0FFFF03F03FF803F00FE0074E
:1024A000F007E007F003C007F001C007F001C00724
:1024B000F001C007F001C007F001C007F001C0073C
:1024C000F001C007F001C007F001C007F001C0072C
:1024D000F001C007F001C007F001C007F001C0071C
:1024E000F001C007F001C007F001C007F001C0070C
:1024F000F001C007F001C007F001C00700000000B4
:1025000000000000000000000000000000000000CB
:1025100000000000000000000000000000000000BB
:1025200000000000000000000000000000000000AB
:10253000000000000000000000000000000000009B
:10254000000000000000000000000000000000008B
:10255000000000000000000000000000F00100008A
:10256000F0010000F0010000F0010000F0010000A7
:10257000000000000000000000000000000000005B
:102580000000000000000000F0010000F001000069
:10259000F0010000F0010000F0010000F001000077
:1025A000F0010000F0010000F0010000F001000067
:1025B000F0010000F0010000F0010000F001000057
:1025C000F0010000F0010000F0010000F001000047
:1025D000F0010000F0010000F0010000F001000037
:1025E000F0010000F0010000F0010000F001000027
:1025F000F0010000F0010000F00100000000000008
:1026000000000000000000000000000000000000CA
:1026100000000000000000000000000000000000BA
:1026200000000000000000000000000000000000AA
:10263000000000000000000000000000000000009A
:10264000000000000000000000000000000000008A
:10265000000000000000000000000000F001000089
:10266000F0010000F0010000F0010000F0010000A6
:10267000000000000000000000000000000000005A
:102680000000000000000000F0010000F001000068
:10269000F0010000F0010000F0010000F001000076
:1026A000F0010000F0010000F0010000F001000066
:1026B000F0010000F0010000F0010000F001000056
:1026C000F0010000F0010000F0010000F001000046
:1026D000F0010000F0010000F0010000F001000036
:1026E000F0010000F0010000F0010000F001000026
:1026F000F0010000F0010000F0010000F001000016
:10270000F0010000F0010000F0010000F001000005
:10271000F8010000FF000000FF0000007F00000043
:102720007F0000001F00000000000000000000000B
:102730000000000000000000000000000000000099
:102740000000000000000000000000000000000089
:10275000000000000000000000000000F001000088
:10276000F0010000F0010000F0010000F0010000A5
:10277000F0010000F0010000F0010000F001000095
:10278000F0010000F0010000F001F003F001F80199
:10279000F001FC00F0017E00F0013F00F0811F001D
:1027A000F0C10F00F0E10700F0F10300F0F90100C3
:1027B000F0FD0000F0FF0000F0FF0100F0FF01005D
:1027C000F0FF0300F0E70700F0C30700F0C10F00BF
:1027D000F0811F00F0011F00F0013F00F0017E00BA
:1027E000F0017C00F001FC00F001F801F001F001C3
:1027F000F001F003F001E007F001E0070000000045
:1028000000000000000000000000000000000000C8
:1028100000000000000000000000000000000000B8
:1028200000000000000000000000000000000000A8
:102830000000000000000000000000000000000098
:102840000000000000000000000000000000000088
:10285000000000000000000000000000F800000080
:10286000F8000000F8000000F8000000F800000088
:10287000F8000000F8000000F8000000F800000078
:10288000F8000000F8000000F8000000F800000068
:10289000F8000000F8000000F8000000F800000058
:1028A000F8000000F8000000F8000000F800000048
:1028B000F8000000F8000000F8000000F800000038
:1028C000F8000000F8000000F8000000F800000028
:1028D000F8000000F8000000F8000000F800000018
:1028E000F8000000F8000000F8000000F800000008
:1028F000F8000000F8000000F800000000000000F0
:1029000000000000000000000000000000000000C7
:1029100000000000000000000000000000000000B7
:1029200000000000000000000000000000000000A7
:102930000000000000000000000000000000000097
:102940000000000000000000000000000000000087
:102950000000000000000000000000000000000077
:102960000000000000000000000000000000000067
:102970000000000000000000000000000000000057
:102980000000000000C01F80F0F03FE0F0F8FFF012
:10299000F0FCFFF8F0FEFFFDF01FFC7FF00FF01FD2
:1029A000F007E00FF003E007F003E007F001E003B9
:1029B000F001E003F001E003F001E003F001E003C7
:1029C000F001E003F001E003F001E003F001E003B7
:1029D000F001E003F001E003F001E003F001E003A7
:1029E000F001E003F001E003F001E003F001E00397
:1029F000F001E003F001E003F001E003000000005B
:102A000000000000000000000000000000000000C6
:102A100000000000000000000000000000000000B6
:102A200000000000000000000000000000000000A6
:102A30000000000000000000000000000000000096
:102A40000000000000000000000000000000000086
:102A50000000000000000000000000000000000076
:102A60000000000000000000000000000000000066
:102A70000000000000000000000000000000000056
:102A80000000000000C01F00F0F07F00F0FCFF011C
:102A9000F0FEFF01F0FFFF03F03FF803F00FF00737
:102AA000F003E007F003C007F001C007F001C00722
:102AB000F001C007F001C007F001C007F001C00736
:102AC000F001C007F001C007F001C007F001C00726
:102AD000F001C007F001C007F001C007F001C00716
:102AE000F001C007F001C007F001C007F001C00706
:102AF000F001C007F001C007F001C00700000000AE
:102B000000000000000000000000000000000000C5
:102B100000000000000000000000000000000000B5
:102B200000000000000000000000000000000000A5
:102B30000000000000000000000000000000000095
:102B40000000000000000000000000000000000085
:102B50000000000000000000000000000000000075
:102B60000000000000000000000000000000000065
:102B70000000000000000000000000000000000055
:102B80000000000000F80F0000FE3F0080FFFF0083
:102B9000C0FFFF01E0FFFF03F01FFC07F007F00795
:102BA000F801C00FF801C00FF800800FFC00801F73
:102BB0007C00001F7C00001F7C00001F7C00001FA9
:102BC0007C00001F7C00001F7C00001F7C00001F99
:102BD000FC00801FF800800FF801C00FF801C00F43
:102BE000F007F007F01FFC07E0FFFF03C0FFFF0145
:102BF00080FFFF0000FE3F0000F80F000000000013
:102C000000000000000000000000000000000000C4
:102C100000000000000000000000000000000000B4
:102C200000000000000000000000000000000000A4
:102C30000000000000000000000000000000000094
:102C40000000000000000000000000000000000084
:102C50000000000000000000000000000000000074
:102C60000000000000000000000000000000000064
:102C70000000000000000000000000000000000054
:102C80000000000000E00F00F0F07F00F0F8FF000F
:102C9000F0FCFF01F0FEFF03F03FF807F00FE00744
:102CA000F007C00FF003C00FF001800FF001801F8C
:102CB000F001001FF000001FF000001FF000001FD7
:102CC000F000001FF000001FF000001FF000001FC8
:102CD000F001800FF001800FF003C00FF003C00778
:102CE000F007F007F01FFC03F0FFFF03F0FFFF0108
:102CF000F0FDFF00F0F13F00F0E10F00F0010000F7
:102D0000F0010000F0010000F0010000F0010000FF
:102D1000F0010000F0010000F0010000F0010000EF
:102D2000F0010000F00100000000000000000000C1
:102D30000000000000000000000000000000000093
:102D40000000000000000000000000000000000083
:102D50000000000000000000000000000000000073
:102D60000000000000000000000000000000000063
:102D70000000000000000000000000000000000053
:102D80000000000000F8010000FF870780FF8F07A8
:102D9000C0FF9F07E0FFBF07F00FFE07F003F80733
:102DA000F801F007F801E007F800C007FC00C007D1
:102DB0007C00C0077C0080077C0080077C008007C7
:102DC0007C0080077C0080077C0080077C008007F7
:102DD000F800C007F800C007F801E007F001E007BD
:102DE000F007F807E00FFC07E0FFFF07C0FFFF0751
:102DF00080FFDF0700FEC70700F8C1070000C0071B
:102E00000000C0070000C0070000C0070000C007A6
:102E10000000C0070000C0070000C0070000C00796
:102E20000000C0070000C007000000000000000014
:102E30000000000000000000000000000000000092
:102E40000000000000000000000000000000000082
:102E50000000000000000000000000000000000072
:102E60000000000000000000000000000000000062
:102E70000000000000000000000000000000000052
:102E80000000000000F00100F0F80700F0FC0F0067
:102E9000F0FE0700F0FF0700F00F0300F00700004E
:102EA000F0030000F0030000F0010000F00100005A
:102EB000F0010000F0010000F0010000F00100004E
:102EC000F0010000F0010000F0010000F00100003E
:102ED000F0010000F0010000F0010000F00100002E
:102EE000F0010000F0010000F0010000F00100001E
:102EF000F0010000F0010000F001000000000000FF
:102F000000000000000000000000000000000000C1
:102F100000000000000000000000000000000000B1
:102F200000000000000000000000000000000000A1
:102F30000000000000000000000000000000000091
:102F40000000000000000000000000000000000081
:102F50000000000000000000000000000000000071
:102F60000000000000000000000000000000000061
:102F70000000000000000000000000000000000051
:102F80000000000000FE030080FF1F00E0FF3F0084
:102F9000F0FF7F00F0FFFF00F803FE00F800F801EB
:102FA0007800F00178007000F8000000F8030000DD
:102FB000F87F0000F0FF0300F0FF1F00C0FF7F005C
:102FC00080FFFF0000FCFF0100E0FF010000FC03A8
:102FD0000000F0037000E0037C00E003FC00E0036D
:102FE000F801F003F807FC01F0FFFF01F0FFFF001C
:102FF000E0FF7F0080FF1F0000FE070000000000D0
:1030000000000000000000000000000000000000C0
:1030100000000000000000000000000000000000B0
:1030200000000000000000000000000000000000A0
:103030000000000000000000000000000000000090
:103040000000000000000000000000000000000080
:103050000000000000000000000000000000000070
:103060000002000080030000E0030000E003000015
:10307000E0030000E0030000E0030000E0030000C4
:10308000E0030000E0030000FE7F0000FE7F000080
:10309000FE7F0000FE7F0000FE7F0000E0030000D6
:1030A000E0030000E0030000E0030000E003000094
:1030B000E0030000E0030000E0030000E003000084
:1030C000E0030000E0030000E0030000E003000074
:1030D000E0030000E0030000E0030000E003000064
:1030E000E0030000E0070000E07F0000E07F000058
:1030F000C07F0000807F0000007F00000000000013
:1031000000000000000000000000000000000000BF
:1031100000000000000000000000000000000000AF
:10312000000000000000000000000000000000009F
:10313000000000000000000000000000000000008F
:10314000000000000000000000000000000000007F
:10315000000000000000000000000000000000006F
:10316000000000000000000000000000000000005F
:10317000000000000000000000000000000000004F
:103180000000000000000000F001C007F001C007CF
:10319000F001C007F001C007F001C007F001C0074F
:1031A000F001C007F001C007F001C007F001C0073F
:1031B000F001C007F001C007F001C007F001C0072F
:1031C000F001C007F001C007F001C007F001C0071F
:1031D000F001C007F001C007F001E007F003F007BD
:1031E000F003F807F00FFE07E0FFBF07E0FF9F07BF
:1031F000C0FF8F0700FF870700FC81070000000069
:1032000000000000000000000000000000000000BE
:1032100000000000000000000000000000000000AE
:10322000000000000000000000000000000000009E
:10323000000000000000000000000000000000008E
:10324000000000000000000000000000000000007E
:10325000000000000000000000000000000000006E
:10326000000000000000000000000000000000005E
:10327000000000000000000000000000000000004E
:1032800000000000000000003E00800F7E00800F64
:103290007C00C007FC00C007F800C003F800E00392
:1032A000F801E003F001F001F001F001E003F001AA
:1032B000E003F800E007F800C0077800C0077C00D2
:1032C000800F7C00800F3E00801F3E00001F3E00EC
:1032D000001F1F00003E1F00003E0F0000BE0F0039
:1032E00000FC0F0000FC070000F8070000F80700D2
:1032F00000F8030000F0030000F0010000000000EF
:1033000000000000000000000000000000000000BD
:1033100000000000000000000000000000000000AD
:10332000000000000000000000000000000000009D
:10333000000000000000000000000000000000008D
:10334000000000000000000000000000000000007D
:10335000000000000000000000000000000000006D
:10336000000000000000000000000000000000005D
:10337000000000000000000000000000000000004D
:1033800000000000000000001F003E003E007E0024
:103390003E007E003E007F007E007F007C007F00BC
:1033A0007C00FF007C80FF00F880F700F880F78049
:1033B000F8C0F781F0C0E381F0C1E3C1F0C1E3C11F
:1033C000F0E1E3C3E0E1C1E3E0E3C1E3E0E3C1E353
:1033D000C0F3C1F3C0F380F7C0F780F7C0FF80FFF0
:1033E00080FF80FF807F807F807F007F007F007F65
:1033F000003F003F003F003F003E003E0000000055
:1034000000000000000000000000000000000000BC
:1034100000000000000000000000000000000000AC
:10342000000000000000000000000000000000009C
:10343000000000000000000000000000000000008C
:10344000000000000000000000000000000000007C
:10345000000000000000000000000000000000006C
:10346000000000000000000000000000000000005C
:10347000000000000000000000000000000000004C
:1034800000000000000000007E00E003FC00F003EC
:10349000F801F801F001FC00F003FC00E0077E00F9
:1034A000C0073F00C00F3F00809F1F0000DF0F00DC
:1034B00000FE070000FE070000FC030000F801000A
:1034C00000F8010000FC030000FE070000FE0700FA
:1034D00000BF0F00809F1F00C00F1F00C00F3E00E5
:1034E000E0077E00F003FC00F001F800F801F801AD
:1034F000FC00F0037C00E0037E00E0070000000019
:1035000000000000000000000000000000000000BB
:1035100000000000000000000000000000000000AB
:10352000000000000000000000000000000000009B
:10353000000000000000000000000000000000008B
:10354000000000000000000000000000000000007B
:10355000000000000000000000000000000000006B
:10356000000000000000000000000000000000005B
:10357000000000000000000000000000000000004B
:1035800000000000000000003E00C0037E00E003D9
:103590007C00E0037C00E001F800F001F800F0019D
:1035A000F800F800F001F800F001F800F0017C00EC
:1035B000E0037C00E0037C00C0073E00C0073E0043
:1035C000C0071E00800F1F00800F1F00000F0F009C
:1035D000009F0F00009F0F00009E070000BE070025
:1035E00000FE070000FC030000FC030000F80300DD
:1035F00000F8010000F8010000F0000000F80000F1
:1036000000F80000007C0000007C0000003E00008C
:10361000003F0000F81F0000F81F0000F80F000036
:10362000F8070000F00100000000000000000000AA
:10363000000000000000000000000000000000008A
:10364000000000000000000000000000000000007A
:10365000000000000000000000000000000000006A
:10366000000000000000000000000000000000005A
:10367000000000000000000000000000000000004A
:103680000000000000000000FCFFFF01FCFFFF0144
:10369000FCFFFF01FCFFFF01FCFFFF010000FC003D
:1036A00000007E0000003F0000803F0000C01F00BF
:1036B00000E00F0000F0070000F0030000F8010038
:1036C00000FC0000007E0000007F0000803F000042
:1036D000C01F0000E00F0000F0070000F003000032
:1036E000F8010000FC000000FEFFFF07FEFFFF07DF
:1036F000FEFFFF07FEFFFF07FEFFFF0700000000C1
:1037000000000000000000000000000000000000B9
:1037100000000000000000000000000000000000A9
:103720000000000000000000000000000000000099
:103730000000000000000000000000000000000089
:103740000000000000000000000000000000000079
:1037500000000000000000000000000000F0030076
:1037600000FC030000FE030000FE030000FF030056
:10377000003F0000001F0000000F0000000F0000CD
:10378000000F0000000F0000000F0000000F0000FD
:10379000000F0000000F0000000F0000800F00006D
:1037A000800F0000800F0000800F000080070000E5
:1037B000C0070000F0030000FC010000FC00000056
:1037C0007C000000FC000000FC010000F003000091
:1037D000C0070000C0070000800F0000800F00003D
:1037E000800F0000800F0000800F0000800F00009D
:1037F000800F0000800F0000800F0000800F00008D
:10380000800F0000000F0000000F0000001F0000EC
:10381000003F000000FF030000FE030000FE030065
:1038200000FC030000F003000000000000000000A6
:103830000000000000000000000000000000000088
:103840000000000000000000000000000000000078
:10385000000000000000000000000000E001000087
:10386000E0010000E0010000E0010000E0010000D4
:10387000E0010000E0010000E0010000E0010000C4
:10388000E0010000E0010000E0010000E0010000B4
:10389000E0010000E0010000E0010000E0010000A4
:1038A000E0010000E0010000E0010000E001000094
:1038B000E0010000E0010000E0010000E001000084
:1038C000E0010000E0010000E0010000E001000074
:1038D000E0010000E0010000E0010000E001000064
:1038E000E0010000E0010000E0010000E001000054
:1038F000E0010000E0010000E0010000E001000044
:10390000E0010000E0010000E0010000E001000033
:10391000E0010000E0010000E0010000E001000023
:10392000E0010000E0010000E001000000000000F4
:103930000000000000000000000000000000000087
:103940000000000000000000000000000000000077
:103950000000000000000000000000007E000000E9
:10396000FE010000FE030000FE070000FE0700004D
:10397000E0070000C0070000800F0000800F00007B
:10398000800F0000800F0000800F0000800F0000FB
:10399000800F0000800F0000800F0000800F0000EB
:1039A000800F0000800F0000800F0000001F00004B
:1039B000003F0000007E000000FC030000F8030050
:1039C00000F0030000F8030000FC0300007E00008C
:1039D000001F0000001F0000800F0000800F00008B
:1039E000800F0000800F0000800F0000800F00009B
:1039F000800F0000800F0000800F0000800F00008B
:103A0000800F0000800F0000800F00008007000082
:103A1000E0070000FE070000FE070000FE030000B4
:103A2000FE0100007E000000000000000000000019
:103A30000000000000000000000000000000000086
:103A40000000000000000000000000000000000076
:103A50000000000000000000000000000000000066
:103A60000000000000000000000000000000000056
:103A70000000000000000000000000000000000046
:103A80000000000000000000000000000000000036
:103A9000000000000000000000000000801F000087
:103AA000E0FF0040F0FF0360F8FF0778F8FF1F7C9D
:103AB0007CF0FF7F3CC0FF3F1C00FF1F0C00FC0F91
:103AC0000400F003000000000000000000000000FF
:103AD00000000000000000000000000000000000E6
:103AE00000000000000000000000000000000000D6
:103AF00000000000000000000000000000000000C6
:103B000000000000000000000000000000000000B5
:103B100000000000000000000000000000000000A5
:103B20000000000000000000000000000000000095
:103B30000000000000000000000000000000000085
:103B40000000000000000000000000000000000075
:103B50000000000000000000000000000000000065
:103B60000000000000000000000000000000000055
:103B70000000000000000000000000000000000045
:103B80000000000000000000000000000000000035
:103B90000000000000000000000000000000000025
:103BA0000000000000000000000000000000000015
:103BB0000000000000000000000000000000000005
:103BC00000000000000000000000000000000000F5
:103BD00000000000000000000000000000000000E5
:103BE00000000000000000000000000000000000D5
:103BF00000000000000000000000000000000000C5
:103C000000000000000000000000000000000000B4
:103C100000000000000000000000000000000000A4
:103C20000000000000000000000000000000000094
:103C30000000000000000000000000000000000084
:103C40000000000000000000000000000000000074
:103C50000000000000000000000000000000000064
:103C60000000000000000000000000000000000054
:103C70000000000000000000000000000000000044
:103C80000000000000000000000000000000000034
:103C90000000000000000000000000000000000024
:103CA0000000000000000000000000000000000014
:103CB0000000000000000000000000000000000004
:103CC00000000000000000000000000000000000F4
:103CD00000000000000000000000000000000000E4
:103CE00000000000000000000000000000000000D4
:103CF00000000000000000000000000000000000C4
:103D00000000000000000000FE01000000FE0100B5
:103D10000000FE01000000FE01000000FE010000A6
:103D200000FE01000000FE01000000FE0100000096
:103D3000FE01000000FE01000000FE01000000FE88
:103D400001000000FE01000000FE01000000FE0175
:103D5000000000FE01000000FE01000000FE010066
:103D60000000FE01000000FE00000000FE00000058
:103D700000FE00000000FE00000000FE0000000049
:103D8000FE00000000FE00000000FC00000000FC3F
:103D900000000000FC00000000FC00000000FC002F
:103DA000000000FC00000000FC00000000FC00001F
:103DB00000007C000000007C000000007C0000008F
:103DC000007C000000007C000000007C000000007F
:103DD0007C000000007800000000000000000000EF
:103DE00000000000000000000000000000000000D3
:103DF0000000000000000000FE01000000FE0100C5
:103E00000000FE01000000FE01000000FE010000B5
:103E100000FE01000000FE010000000000000000A4
:103E20000000000000000000000000000000000092
:103E30000000000000000000000000000000000082
:103E40000000000000000000000000000000000072
:103E50000000000000000000000000000000000062
:103E60000000000000000000000000000000000052
:103E70000000000000000000000000000000000042
:103E80000000000000000000000000000000000032
:103E900000000000000000F007FF0000F007FF0036
:103EA00000F007FF0000F007FF0000F007FF000030
:103EB000F007FF0000F007FF0000F007FF0000F030
:103EC00007FF0000F007FF0000F0077F0000F00789
:103ED0007F0000F0077F0000F0077E0000F0037E07
:103EE0000000E0037E0000E0033E0000E0033E002F
:103EF00000E0033E0000E0033C0000000000000082
:103F000000000000000000000000000000000000B1
:103F100000000000000000000000000000000000A1
:103F20000000000000000000000000000000000091
:103F30000000000000000000000000000000000081
:103F40000000000000000000000000000000000071
:103F50000000000000000000000000000000000061
:103F60000000000000000000000000000000000051
:103F70000000000000000000000000000000000041
:103F80000000000000000000000000000000000031
:103F90000000000000000000000000000000000021
:103FA0000000000000000000000000000000000011
:103FB0000000000000000000000000000000000001
:103FC00000000000000000000000000000000000F1
:103FD00000000000000000000000000000000000E1
:103FE00000000000000000000000000000000000D1
:103FF00000000000000000000000000000000000C1
:1040000000000000000000000000000000000000B0
:1040100000000000000000000000000000000000A0
:104020000000000000000000001F007E00801F0054
:104030003E00801F003E00801F003F00800F003FB9
:1040400000C00F003F00C00F001F00C00F801F0006
:10405000C007801F00C007801F00E007801F00E02E
:1040600007800F00E007C00F00E003C00F00E0036F
:10407000C00FFEFFFFFFFFFEFFFFFFFFFEFFFFFF82
:10408000FFFEFFFFFFFFFEFFFFFFFFFEFFFFFFFF43
:10409000FEFFFFFFFF00F801F00300F800F003004F
:1040A000FC00F00300FC00F00100FC00F801007CC3
:1040B00000F801007C00F801007E00F800007E009E
:1040C000F800007E00FC00003E00FC00003E00FC0A
:1040D00000FEFFFFFFFFFEFFFFFFFFFEFFFFFFFFF2
:1040E000FEFFFFFFFFFEFFFFFFFFFEFFFFFFFFFEE4
:1040F000FFFFFFFF800F003F00800F003F00C00F59
:10410000003F00C00F001F00C00F801F00C00780CD
:104110001F00C007801F00E007800F00E007800F2E
:1041200000E007C00F00E003C00F00E003C00F0075
:10413000F003C00700F003C007000000000000000B
:10414000000000000000000000000000000000006F
:10415000000000000000000000000000000000005F
:10416000000000000000000000000000000000004F
:10417000000000000000000000000000000000003F
:10418000000000000000000000000000000000002F
:10419000000000000000000000000000000000001F
:1041A000000000000000000000007800000000781F
:1041B000000000007800000000FF030000F0FF1F77
:1041C0000000FCFF7F0000FEFFFF0100FFFFFF0378
:1041D00080FFFFFF07C0FFFFFF07C0FFF9FF0FE0F1
:1041E0003F78FE0FE01F78F81FF00F78E01FF00F08
:1041F00078C01FF00778C03FF00778803FF007785D
:104200008007F007780000F007780000F00F7800D2
:1042100000E01F780000E03F780000C0FF78000059
:10422000C0FF7F000080FF7F000000FFFF03000051
:10423000FEFF1F0000F8FF7F0000E0FFFF0100808D
:10424000FFFF030000FCFF070000F8FF0F000078ED
:10425000FE1F000078F03F000078E03F000078800B
:104260007F000078807F000078007F000078007F6A
:10427000000078007F000078007FC00378007FF89E
:104280000378007FF80378007FF80778007FF8074D
:1042900078807FF00F78C03FF01F78E03FF03F78E4
:1042A000F03FE0FF79FE1FE0FFFFFF0FC0FFFFFFC1
:1042B0000780FFFFFF0300FFFFFF0100FEFFFF007D
:1042C00000FCFF3F0000E0FF070000007F0000004F
:1042D0000078000000007800000000780000000076
:1042E00078000000007800000000780000000078EE
:1042F00000000000000000000000000000000000BE
:1043000000000000000000000000000000000000AD
:10431000000000000000000000000000000000009D
:10432000000000000000000000000000000000008D
:10433000000000000000000000000000000000007D
:10434000000000F00F000000FC3F000000FE7F00B6
:104350000000FFFF000080FFFF0100803FFC030022
:10436000C01FF00300C00FE00700E007E00700E017
:1043700007C00700E007C00F00E007C00F00E0071C
:10438000C00F00E007C00F80E003C00F80E003C053
:104390000FC0E003C00FC0E007C00FE0E007C00F90
:1043A000F0E007C00FF0E007E007F8E007E007F8EB
:1043B000C00FE007FCC01FF0037C803FFC037E8041
:1043C000FFFF013E00FFFF003F00FE7F001F00FCDB
:1043D0003F801F00E00F800F000000C00F000000B2
:1043E000C007000000E007000000E003000000F04C
:1043F00003000000F001000000F801000000F800D8
:10440000000000FC000000007E000000007E0000B4
:1044100000003F000000001F000000801F0000009F
:10442000800F000000C00F000000C007000000E087
:1044300007000000E003000000F003000000F001AE
:10444000000000F801000000F800000000FC00007F
:1044500000007C000000007E000000003E00000024
:10446000000000000000000000000000000000004C
:10447000000000000000000000000000000000003C
:10448000000000000000000000000000000000002C
:10449000000000000000000000000000000000001C
:1044A000000000000000000000000000000000000C
:1044B00000000000000000000000000000000000FC
:1044C00000000000000000000000000000000000EC
:1044D00000000000F80F000000FE3F000000FFFF9A
:1044E0000000C0FFFF0100E0FFFF0300E0FFFF0747
:1044F00000F0FFFF0700F81FFC0F00F807F00F00A7
:10450000F803E00F00FC03E01F00FC01C01F00FCEB
:1045100001C01F00FC01C00F00F803E00F00F8030A
:10452000E00F00F807E00F00F00FF00700F01FFCAD
:104530000300E03FFE0300E0FFFF0100C0FFFF00BB
:104540000080FF3F000000FF1F000000FF07000089
:10455000C0FF030000F0FF070000F8FF0F0000FCA1
:10456000FF1F0000FEE73F0000FFE13FC080FFC0EB
:104570007FC0C07F80FFC0E03F00FFC1E01F00FEA2
:10458000E3F00F00FEE3F00F00FCE7F00700F8FF98
:10459000F00700F0FFF00700F0FFF80700E0FFF879
:1045A0000700C0FFF0070080FFF00F0000FFF00FD2
:1045B0000000FFF01F0080FFE01F00C0FFE03F0091
:1045C000F0FFC07F00F8FFC0FF03FFFF80FFFFFF89
:1045D000CF00FFFFFF8700FEFFFF8300FCFFFF000F
:1045E00000F8FF7F0000E0FF1F000000FF03000055
:1045F00000000000000000000000000000000000BB
:1046000000000000000000000000000000000000AA
:10461000000000000000000000000000000000009A
:10462000000000000000000000000000000000008A
:10463000000000000000000000000000000000007A
:10464000000000000000000000000000000000006A
:10465000000000000000000000000000000000005A
:1046600000000000000000F007000000F00700005C
:1046700000F007000000F007000000F00700000055
:10468000F007000000F007000000F007000000F055
:1046900007000000F007000000F007000000F0072E
:1046A000000000F007000000F007000000F0030029
:1046B0000000E003000000E003000000E003000051
:1046C00000E003000000E003000000000000000024
:1046D00000000000000000000000000000000000DA
:1046E00000000000000000000000000000000000CA
:1046F00000000000000000000000000000000000BA
:1047000000000000000000000000000000000000A9
:104710000000000000000000000000000000000099
:104720000000000000000000000000000000000089
:104730000000000000000000000000000000000079
:104740000000000000000000000000000000000069
:104750000000000000000000000000000000000059
:104760000000000000000000000000000000000049
:104770000000000000000000000000000000000039
:104780000000000000000000000000000000000029
:104790000000000000000000000000000000000019
:1047A0000000000000000000000000000000000009
:1047B00000000000000000000000000000000000F9
:1047C00000000000000000000000000000000000E9
:1047D00000000000000000000000000000000000D9
:1047E00000000000000000000000000000000000C9
:1047F0000000000000000000007C000000003E00FF
:104800000000003E000000001F000000801F0000AC
:1048100000C00F000000C007000000E0070000001B
:10482000E003000000F003000000F801000000F8C1
:1048300001000000FC00000000FC00000000FE0081
:104840000000007E000000007E000000007F0000ED
:1048500000003F000000003F000000803F0000001B
:10486000801F000000801F000000C01F000000C06B
:104870001F000000C01F000000C01F000000C00F8C
:10488000000000E00F000000E00F000000E00F005B
:104890000000E00F000000E00F000000E00F00004B
:1048A00000E00F000000E00F000000E00F0000003B
:1048B000E00F000000E00F000000E00F000000E04B
:1048C0000F000000E00F000000C00F000000C01F3C
:1048D000000000C01F000000C01F000000C01F003B
:1048E0000000801F000000803F000000803F0000AB
:1048F00000003F000000003F000000007F000000BB
:10490000007E000000007E00000000FC00000000AF
:10491000FC00000000FC01000000F801000000F0B5
:1049200001000000F003000000E003000000E007C9
:10493000000000C007000000C00F000000000000E1
:104940000000000000000000000000000000000067
:104950000000000000000000000000000000000057
:104960000000000000000000000000000000000047
:104970000000000000000000000000000000000037
:1049800000000000000000E003000000C00700007D
:1049900000C00F000000800F000000001F0000009A
:1049A000003F000000003E000000007E000000000C
:1049B000FC00000000FC00000000F801000000F80E
:1049C00001000000F003000000F003000000E00719
:1049D000000000E007000000E00F000000C00F0032
:1049E0000000C00F000000C01F000000C01F00003A
:1049F00000801F000000803F000000803F0000009A
:104A0000803F000000803F000000003F00000000E9
:104A10007F000000007F000000007F000000007F9A
:104A2000000000007F000000007F000000007F0009
:104A30000000007F000000007F000000007F0000F9
:104A400000007F000000007F000000007F000000E9
:104A5000007F000000007F000000007F00000000D9
:104A60003F000000803F000000803F000000803FCA
:104A7000000000803F000000801F000000C01F00F9
:104A80000000C01F000000C00F000000E00F000089
:104A900000E007000000E007000000F00700000051
:104AA000F003000000F003000000F801000000F82F
:104AB00001000000FC00000000FC000000007E007F
:104AC0000000003E000000003F0000000000000069
:104AD00000000000000000000000000000000000D6
:104AE00000000000000000000000000000000000C6
:104AF00000000000000000000000000000000000B6
:104B000000000000000000000000000000000000A5
:104B10000000000000000000F003000000F00300AF
:104B20000000F003000000F001000000E0010000C0
:104B300000E001000070E0810300F0E1E10300F813
:104B4000E7FD0700F8FFFF0700F8FFFF0700F0FF91
:104B5000FF030000FE3F000000F807000000FC0F0C
:104B6000000000FE1F0000003F3F0000003F3F002C
:104B700000801F7E0000C00FFC0000C00FFC000082
:104B800000073800000002100000000000000000D4
:104B90000000000000000000000000000000000015
:104BA0000000000000000000000000000000000005
:104BB00000000000000000000000000000000000F5
:104BC00000000000000000000000000000000000E5
:104BD00000000000000000000000000000000000D5
:104BE00000000000000000000000000000000000C5
:104BF00000000000000000000000000000000000B5
:104C000000000000000000000000000000000000A4
:104C10000000000000000000000000000000000094
:104C20000000000000000000000000000000000084
:104C30000000000000000000000000000000000074
:104C40000000000000000000000000000000000064
:104C50000000000000000000000000000000000054
:104C60000000000000000000000000000000000044
:104C70000000000000000000000000000000000034
:104C80000000000000000000000000000000000024
:104C90000000000000000000000000000000000014
:104CA0000000000000000000000000000000000004
:104CB00000000000000000000000000000000000F4
:104CC00000000000000000000000000000000000E4
:104CD0000000000000000000000000F003000000E1
:104CE000F003000000F003000000F003000000F0FB
:104CF00003000000F003000000F003000000F003D8
:104D0000000000F003000000F003000000F00300CA
:104D10000000F003000000F003000000F0030000BA
:104D200000F00300F0FFFFFFFFF0FFFFFFFFF0FFC9
:104D3000FFFFFFF0FFFFFFFFF0FFFFFFFFF0FFFFB0
:104D4000FFFFF0FFFFFFFF0000F003000000F00393
:104D5000000000F003000000F003000000F003007A
:104D60000000F003000000F003000000F00300006A
:104D700000F003000000F003000000F0030000005A
:104D8000F003000000F003000000F003000000F05A
:104D90000300000000000000000000000000000010
:104DA0000000000000000000000000000000000003
:104DB00000000000000000000000000000000000F3
:104DC00000000000000000000000000000000000E3
:104DD00000000000000000000000000000000000D3
:104DE00000000000000000000000000000000000C3
:104DF00000000000000000000000000000000000B3
:104E000000000000000000000000000000000000A2
:104E10000000000000000000000000000000000092
:104E20000000000000000000000000000000000082
:104E30000000000000000000000000000000000072
:104E40000000000000000000000000000000000062
:104E50000000000000000000000000000000000052
:104E60000000000000000000000000000000000042
:104E70000000000000000000000000000000000032
:104E80000000000000000000000000000000000022
:104E90000000000000000000000000000000000012
:104EA0000000000000000000000000000000000002
:104EB00000000000000000000000000000000000F2
:104EC00000000000000000000000000000000000E2
:104ED00000000000000000000000000000000000D2
:104EE00000000000000000000000000000000000C2
:104EF00000000000000000000000000000000000B2
:104F000000000000000000000000000000000000A1
:104F10000000000000000000000000000000000091
:104F200000000000000000803F000000803F000003
:104F300000803F000000803F000000803F00000034
:104F4000803F000000803F000000003800000000AB
:104F50003C000000003C000000003C000000003C61
:104F6000000000003E000000001E000000801F0046
:104F70000000800F0000008007000000000000001B
:104F80000000000000000000000000000000000021
:104F90000000000000000000000000000000000011
:104FA0000000000000000000000000000000000001
:104FB00000000000000000000000000000000000F1
:104FC00000000000000000000000000000000000E1
:104FD00000000000000000000000000000000000D1
:104FE00000000000000000000000000000000000C1
:104FF00000000000000000000000000000000000B1
:1050000000000000000000000000000000000000A0
:105010000000000000000000000000000000000090
:105020000000000000000000000000000000000080
:105030000000000000000000000000000000000070
:105040000000000000000000000000000000000060
:105050000000000000000000000000000000000050
:105060000000F8FFFF0000F8FFFF0000F8FFFF005E
:1050700000F8FFFF0000F8FFFF0000F8FFFF00004E
:10508000F8FFFF000000000000000000000000002A
:105090000000000000000000000000000000000010
:1050A0000000000000000000000000000000000000
:1050B00000000000000000000000000000000000F0
:1050C00000000000000000000000000000000000E0
:1050D00000000000000000000000000000000000D0
:1050E00000000000000000000000000000000000C0
:1050F00000000000000000000000000000000000B0
:10510000000000000000000000000000000000009F
:10511000000000000000000000000000000000008F
:10512000000000000000000000000000000000007F
:10513000000000000000000000000000000000006F
:10514000000000000000000000000000000000005F
:10515000000000000000000000000000000000004F
:10516000000000000000000000000000000000003F
:10517000000000000000000000000000000000002F
:10518000000000000000000000000000000000001F
:10519000000000000000000000000000000000000F
:1051A00000000000000000000000000000000000FF
:1051B00000000000000000000000000000000000EF
:1051C00000000000000000000000000000000000DF
:1051D00000000000000000000000000000000000CF
:1051E00000000000000000000000000000000000BF
:1051F00000000000000000000000000000000000AF
:10520000000000000000000000000000000000009E
:10521000000000000000000000000000000000008E
:10522000000000000000000000000000000000007E
:10523000000000000000000000000000000000006E
:1052400000000000000000803F000000803F0000E0
:1052500000803F000000803F000000803F00000011
:10526000803F000000803F000000000000000000C0
:10527000000000000000000000000000000000002E
:10528000000000000000000000000000000000001E
:10529000000000000000000000000000000000000E
:1052A00000000000000000000000000000000000FE
:1052B00000000000000000000000000000000000EE
:1052C00000000000000000000000000000000000DE
:1052D00000000000000000000000000000000000CE
:1052E0000000000000000000001F000000801F0000
:1052F0000000801F000000800F000000800F0000F1
:1053000000C00F000000C007000000C00700000040
:10531000E007000000E007000000E003000000E0FC
:1053200003000000F003000000F001000000F001A5
:10533000000000F801000000F801000000F8000083
:105340000000F800000000FC000000007C000000ED
:10535000007C000000007E000000007E00000000D5
:105360003E000000003E000000003F000000001F63
:10537000000000001F000000801F000000801F00D0
:105380000000800F000000800F000000C00F000030
:1053900000C007000000C007000000E00700000098
:1053A000E007000000E003000000E003000000F060
:1053B00003000000F001000000F001000000F8010F
:1053C000000000F801000000F800000000F80000F4
:1053D0000000FC000000007C000000007C000000D9
:1053E000007E000000007E000000003E0000000083
:1053F0003E000000003F0000000000000000000030
:10540000000000000000000000000000000000009C
:10541000000000000000000000000000000000008C
:10542000000000000000000000000000000000007C
:10543000000000000000000000000000000000006C
:10544000000000000000000000000000000000005C
:10545000000000000000000000000000000000004C
:10546000000000000000000000000000000000003C
:10547000000000000000000000FE030000C0FF1F4D
:105480000000F0FF3F0000F8FFFF0000FCFFFF01FD
:1054900000FEFFFF0300FFFFFF0300FF03FF078085
:1054A000FF00FC0FC07F00F00FC03F00E01FC01FD7
:1054B00000C01FE01F00C01FE00F00803FE00F0092
:1054C000803FF00F00803FF00700803FF0070000B2
:1054D0007FF00700007FF00700007FF00700007FEB
:1054E000F00300007FF80300007FF80300007FF85E
:1054F0000300007FF80300007FF80300007FF8033B
:1055000000007FF80300007FF80300007FF803002D
:10551000007FF80300007FF80300007FF80300001D
:105520007FF00300007FF00700007FF00700007F9E
:10553000F00700007FF00700007FF00700803FF0D9
:105540000700803FE00F00803FE00F00803FE01F3A
:1055500000C01FC01F00E01FC03F00E01FC07F0051
:10556000F00F80FF00FC0F00FF03FF0700FFFFFFAD
:105570000300FEFFFF0300FCFFFF0100F8FFFF0038
:1055800000F0FF3F0000C0FF1F000000FE0300000E
:10559000000000000000000000000000000000000B
:1055A00000000000000000000000000000000000FB
:1055B00000000000000000000000000000000000EB
:1055C00000000000000000000000000000000000DB
:1055D00000000000000000000000000000000000CB
:1055E00000000000000000000000000000000000BB
:1055F00000000000000000000000000000000000AB
:10560000000000000000000000001F000000001F5C
:10561000000000801F000000C01F000000E01F000D
:105620000000F01F000000F81F000000FC1F000039
:1056300000FE1F000000FF1F0000C0FF1F0000E071
:10564000FF1F0000F8FF1F0000FECF1F0000FFC774
:105650001F0000FFC31F0000FFC01F00003FC01F4E
:1056600000000FC01F000003C01F000000C01F008B
:105670000000C01F000000C01F000000C01F00008D
:1056800000C01F000000C01F000000C01F0000007D
:10569000C01F000000C01F000000C01F000000C0AD
:1056A0001F000000C01F000000C01F000000C01F3E
:1056B000000000C01F000000C01F000000C01F004D
:1056C0000000C01F000000C01F000000C01F00003D
:1056D00000C01F000000C01F000000C01F0000002D
:1056E000C01F000000C01F000000C01F000000C05D
:1056F0001F000000C01F000000C01F000000C01FEE
:10570000000000C01F000000C01F000000C01F00FC
:105710000000C01F000000C01F00000000000000CB
:105720000000000000000000000000000000000079
:105730000000000000000000000000000000000069
:105740000000000000000000000000000000000059
:105750000000000000000000000000000000000049
:105760000000000000000000000000000000000039
:105770000000000000000000000000000000000029
:105780000000000000000000000000000000000019
:10579000000000000000000000FF070000E0FF3FE5
:1057A0000000F8FFFF0000FCFFFF0100FFFFFF0308
:1057B00080FFFFFF0780FFFFFF0FC0FF03FE1FE01A
:1057C0007F00F81FE01F00E03FE00F00C03FF00F38
:1057D00000803FF00700807FF00700007FF00700A7
:1057E000007F800700007F000000007F00000000B5
:1057F0007F000000007F000000803F000000803F2D
:10580000000000C03F000000C01F000000E01F00BB
:105810000000F00F000000F807000000FC07000087
:1058200000FE03000000FF01000080FF000000C038
:105830007F000000F03F000000F81F000000FC0F98
:10584000000000FE07000080FF030000C0FF000012
:1058500000E07F000000F03F000000F81F000000A3
:10586000FC07000000FE03000000FF01000080FFB5
:10587000000000C07F000000C03F000000E01F00EB
:105880000000F00F000000F0FFFFFF7FF8FFFFFFB8
:105890007FF8FFFFFF7FF8FFFFFF7FF8FFFFFF7F2D
:1058A000FCFFFFFF7FFCFFFFFF7F00000000000008
:1058B00000000000000000000000000000000000E8
:1058C00000000000000000000000000000000000D8
:1058D00000000000000000000000000000000000C8
:1058E00000000000000000000000000000000000B8
:1058F00000000000000000000000000000000000A8
:105900000000000000000000000000000000000097
:105910000000000000000000000000000000000087
:10592000000000000000000000FF010000E0FF0F89
:105930000000F8FF3F0000FCFFFF0000FEFFFF013A
:1059400000FFFFFF0380FFFFFF07C0FF01FF07C04D
:105950007F00FC0FE03F00F00FE01F00E00FE00FC2
:1059600000E01FF00F00C01FF00700C01F800700FD
:10597000C01F000000C01F000000C01F000000E0AA
:105980000F000000E00F000000F807000000FC0717
:10599000000080FF030000FEFF010000FE7F00000A
:1059A00000FE3F000000FEFF000000FEFF030000BD
:1059B000FEFF07000006FF0F000000F81F000000B8
:1059C000E03F000000C03F000000807F000000803A
:1059D0007F000000007F000000007F000000007FCB
:1059E00000000000FF00000000FF00000000FFC0FA
:1059F0000300007FF80700007FF00700007FF0073A
:105A000000807FF00F00C03FF01F00E03FE03F004C
:105A1000F03FE07F00F81FC0FF03FF0F80FFFFFF94
:105A20000F80FFFFFF0700FFFFFF0300FCFFFF00E9
:105A300000F8FF7F0000E0FF1F000000FF030000F0
:105A40000000000000000000000000000000000056
:105A50000000000000000000000000000000000046
:105A60000000000000000000000000000000000036
:105A70000000000000000000000000000000000026
:105A80000000000000000000000000000000000016
:105A90000000000000000000000000000000000006
:105AA00000000000000000000000000000000000F6
:105AB000000000000000000000000000000000FCEA
:105AC00000000000FE00000000FF00000000FF00DA
:105AD000000080FF000000C0FF000000E0FF0000A9
:105AE00000E0FF000000F0FF000000F8FF000000F1
:105AF000FCFF000000FCFE000000FEFE0000007F36
:105B0000FE0000803FFE0000801FFE0000C01FFE60
:105B10000000E00FFE0000E007FE0000F003FE00C2
:105B200000F803FE0000FC01FE0000FC00FE000087
:105B3000FE00FE00007F00FE00803F00FE00801F90
:105B400000FE00C01F00FE00E00F00FE00F0070096
:105B5000FE00F00300FE00F80300FE00FC0100FE62
:105B600000FE0000FE00FEFFFFFF7FFEFFFFFF7F45
:105B7000FEFFFFFF7FFEFFFFFF7FFEFFFFFF7FFEB9
:105B8000FFFFFF7FFEFFFFFF7F000000FE00000021
:105B900000FE00000000FE00000000FE000000000B
:105BA000FE00000000FE00000000FE00000000FEFD
:105BB00000000000FE00000000FE00000000FE00EB
:105BC000000000FE00000000FE00000000000000D9
:105BD00000000000000000000000000000000000C5
:105BE00000000000000000000000000000000000B5
:105BF00000000000000000000000000000000000A5
:105C00000000000000000000000000000000000094
:105C10000000000000000000000000000000000084
:105C20000000000000000000000000000000000074
:105C30000000000000000000000000000000000064
:105C400000000000000000000000000000FCFFFF5A
:105C50001F00FCFFFF1F00FEFFFF1F00FEFFFF1FD6
:105C600000FEFFFF1F00FEFFFF1F00FEFFFF1F00E3
:105C70007F000000007F000000007F000000003F68
:105C8000000000003F000000803F000000803F0057
:105C90000000803F000000803F000000801F0000E7
:105CA00000C01F000000C01FF80700C01FFF3F001A
:105CB000C0DFFFFF00C0FFFFFF01C0FFFFFF03E0E9
:105CC000FFFFFF07E0FFFFFF0FE0FF01FE1FE03FC8
:105CD00000F83FE00F00E03F800700C07F000000B9
:105CE000807F000000807F00000000FF00000000B7
:105CF000FF00000000FE00000000FE00000000FEAB
:105D000000000000FE00000000FE00000000FE8019
:105D1000070000FFF80700007FF00700007FF00F8A
:105D200000807FF00F00C03FF01F00C03FE03F0049
:105D3000F01FE07F00F81FC0FF03FF0FC0FFFFFF51
:105D40000780FFFFFF0700FFFFFF0300FEFFFF00CC
:105D500000F8FF7F0000E0FF1F000000FF030000CD
:105D60000000000000000000000000000000000033
:105D70000000000000000000000000000000000023
:105D80000000000000000000000000000000000013
:105D90000000000000000000000000000000000003
:105DA00000000000000000000000000000000000F3
:105DB00000000000000000000000000000000000E3
:105DC00000000000000000000000000000000000D3
:105DD000000000000000000000FC0F000080FF3FFA
:105DE0000000E0FFFF0000F0FFFF0100F8FFFF03ED
:105DF00000FCFFFF0700FEFFFF0F00FF07FE1F80F4
:105E0000FF01F01F807F00E03FC03F00C03FC03F68
:105E100000C03FE01F00803FE00F00807FE00F00E8
:105E20000007E007000000F007000000F007000096
:105E300000F007000000F003F80700F003FF3F0048
:105E4000F883FFFF00F8E3FFFF01F8F3FFFF03F81B
:105E5000FBFFFF07F8FFFFFF0FF8FF03FE1FF8FF30
:105E600000F81FF87F00E03FF83F00C03FF81F0038
:105E7000807FF80F00807FF80F00007FF807000098
:105E80007FF80700007FF80700007EF8070000FE9B
:105E9000F0070000FEF00700007EF00700007EF033
:105EA0000700007FF00F00007FE00F00007FE01F81
:105EB00000807FE01F00803FC03F00C03FC07F00E8
:105EC000E01F80FF01F81F80FF07FE0F00FFFFFFAC
:105ED0000F00FEFFFF0700FCFFFF0300F8FFFF01BC
:105EE00000E0FF7F0000C0FF1F000000FE07000071
:105EF00000000000000000000000000000000000A2
:105F00000000000000000000000000000000000091
:105F10000000000000000000000000000000000081
:105F20000000000000000000000000000000000071
:105F30000000000000000000000000000000000061
:105F40000000000000000000000000000000000051
:105F50000000000000000000000000000000000041
:105F6000000000000000000000000000F0FFFFFF44
:105F7000FFF0FFFFFFFFF0FFFFFFFFF0FFFFFFFF5E
:105F8000F0FFFFFFFFF0FFFFFFFFF0FFFFFF7F00CD
:105F90000000C03F000000C01F000000E00F000034
:105FA00000F007000000F807000000FC03000000FC
:105FB000FC01000000FE01000000FF000000007F67
:105FC000000000807F000000803F000000C03F0014
:105FD0000000E01F000000E00F000000F00F0000D4
:105FE00000F007000000F807000000F803000000C0
:105FF000FC03000000FC01000000FC01000000FEAA
:1060000000000000FE00000000FF000000007F0014
:106010000000007F000000807F000000803F000043
:1060200000803F000000C03F000000C01F000000D3
:10603000C01F000000C01F000000E00F000000E0D3
:106040000F000000E00F000000E00F000000F0076C
:10605000000000F007000000F007000000F007005B
:106060000000F007000000F007000000F00700004B
:1060700000F007000000F003000000000000000036
:106080000000000000000000000000000000000010
:106090000000000000000000000000000000000000
:1060A00000000000000000000000000000000000F0
:1060B00000000000000000000000000000000000E0
:1060C00000000000000000000000000000000000D0
:1060D00000000000000000000000000000000000C0
:1060E00000000000000000000000000000000000B0
:1060F000000000000000000000FF030000E0FF1FA0
:106100000000F0FF7F0000FCFFFF0000FEFFFF0328
:1061100000FFFFFF0300FFFFFF0780FF03FE0FC02C
:10612000FF00F80FC03F00F01FC01F00E01FC01F9E
:1061300000C01FC01F00C01FE00F00801FC00F0065
:10614000801FC01F00C01FC01F00C01FC01F00E075
:106150001F803F00E00F80FF00F80F00FF03FE07E5
:1061600000FEFFFF0300FCFFFF0100F0FF7F0000C7
:10617000E0FF3F0000FCFFFF0000FEFFFF0300FF09
:10618000FFFF0780FF03FE0FC07F00F81FE03F0006
:10619000E03FE01F00C03FF00F00807FF0070000ED
:1061A0007FF00700007FF80300007FF8030000FE87
:1061B000F8030000FEF8030000FEF8030000FEF8FC
:1061C000030000FEF80700007FF00700007FF007E3
:1061D00000007FF00F00807FE01F00C03FE03F0025
:1061E000E03FE07F00F81FC0FF03FE1F80FFFFFFBE
:1061F0000F00FFFFFF0700FEFFFF0300FCFFFF0192
:1062000000F8FF7F0000E0FF3F000000FF070000F4
:10621000000000000000000000000000000000007E
:10622000000000000000000000000000000000006E
:10623000000000000000000000000000000000005E
:10624000000000000000000000000000000000004E
:10625000000000000000000000000000000000003E
:10626000000000000000000000000000000000002E
:10627000000000000000000000000000000000001E
:10628000000000000000000000FF010000E0FF0F20
:106290000000F8FF3F0000FCFF7F0000FEFFFF0151
:1062A00000FFFFFF0380FFFFFF03C0FF03FF07C0E6
:1062B000FF00F80FE03F00F00FE01F00E01FF00FBD
:1062C00000C01FF00F00803FF00700803FF0070084
:1062D000003FF80700007FF80300007FF80300008C
:1062E0007FF80300007FF80300007FF80300007FC1
:1062F000F00700007FF00700807FF00700807FF04C
:106300000F00C0FFF01F00C0FFE03F00E0FFE07F94
:1063100000F8FFC0FF03FEFF80FFFFFF7F80FFFF4D
:106320007F7E00FFFF3F7E00FCFF1F7E00F8FF0F17
:106330007E00F0FF037F0080FF007F000000007FF1
:10634000000000007F000000007F000000803F0090
:106350000000803F800700803FF00700C03FF0074B
:1063600000C01FE00F00E01FE00F00F00FE01F0073
:10637000F80FC03F00FE07C0FF81FF0780FFFFFF4F
:106380000380FFFFFF0100FFFFFF0000FEFF7F0013
:1063900000F8FF1F0000F0FF07000080FF00000072
:1063A00000000000000000000000000000000000ED
:1063B00000000000000000000000000000000000DD
:1063C00000000000000000000000000000000000CD
:1063D00000000000000000000000000000000000BD
:1063E00000000000000000000000000000000000AD
:1063F000000000000000000000000000000000009D
:10640000000000000000000000000000000000008C
:10641000000000000000000000000000000000007C
:10642000000000000000000000000000000000006C
:10643000000000000000000000000000000000005C
:10644000000000000000000000000000000000004C
:10645000000000000000000000000000000000003C
:106460000000803F000000803F000000803F0000EF
:1064700000803F000000803F000000803F000000DF
:10648000803F00000000000000000000000000004D
:1064900000000000000000000000000000000000FC
:1064A00000000000000000000000000000000000EC
:1064B00000000000000000000000000000000000DC
:1064C00000000000000000000000000000000000CC
:1064D00000000000000000000000000000000000BC
:1064E00000000000000000000000000000000000AC
:1064F000000000000000000000000000000000009C
:1065000000000000000000803F000000803F00000D
:1065100000803F000000803F000000803F0000003E
:10652000803F000000803F000000000000000000ED
:10653000000000000000000000000000000000005B
:10654000000000000000000000000000000000004B
:10655000000000000000000000000000000000003B
:10656000000000000000000000000000000000002B
:10657000000000000000000000000000000000001B
:10658000000000000000000000000000000000000B
:1065900000000000000000000000000000000000FB
:1065A00000000000000000000000000000000000EB
:1065B00000000000000000000000000000000000DB
:1065C00000000000000000000000000000000000CB
:1065D00000000000000000000000000000000000BB
:1065E00000000000000000000000000000000000AB
:1065F0000000803F000000803F000000803F00005E
:1066000000803F000000803F000000803F0000004D
:10661000803F0000000000000000000000000000BB
:10662000000000000000000000000000000000006A
:10663000000000000000000000000000000000005A
:10664000000000000000000000000000000000004A
:10665000000000000000000000000000000000003A
:10666000000000000000000000000000000000002A
:10667000000000000000000000000000000000001A
:10668000000000000000000000000000000000000A
:1066900000000000000000803F000000803F00007C
:1066A00000803F000000803F000000803F000000AD
:1066B000803F000000803F00000000380000000024
:1066C0003C000000003C000000003C000000003CDA
:1066D000000000003E000000001E000000801F00BF
:1066E0000000800F00000080070000000000000094
:1066F000000000000000000000000000000000009A
:106700000000000000000000000000000000000089
:106710000000000000000000000000000000000079
:106720000000000000000000000000000000000069
:106730000000000000000000000000000000000059
:106740000000000000000000000000000000000049
:106750000000000000000000000000000000000039
:1067600000000000000000008000000000E00000C9
:106770000000F800000000FE000000C0FF00000064
:10678000F0FF000000FCFF000000FFFF0000E0FF42
:106790001F0000F8FF070000FEFF0000C0FF3F00E1
:1067A00000F0FF070000FCFF010000FF3F0000E0D9
:1067B000FF070000F0FF010000F03F000000F00FB5
:1067C000000000F03F000000F0FF010000E0FF07C4
:1067D000000000FF3F000000FCFF010000F0FF0789
:1067E0000000C0FF3F000000FEFF000000F8FF07B0
:1067F0000000E0FF1F000000FFFF000000FCFF00A2
:106800000000F0FF000000C0FF00000000FE0000DC
:106810000000F800000000E0000000008000000020
:106820000000000000000000000000000000000068
:106830000000000000000000000000000000000058
:106840000000000000000000000000000000000048
:106850000000000000000000000000000000000038
:106860000000000000000000000000000000000028
:106870000000000000000000000000000000000018
:106880000000000000000000000000000000000008
:1068900000000000000000000000000000000000F8
:1068A00000000000000000000000000000000000E8
:1068B00000000000000000000000000000000000D8
:1068C00000000000000000000000000000000000C8
:1068D00000000000000000000000000000000000B8
:1068E00000000000000000000000000000000000A8
:1068F0000000000000000000000000000000000098
:106900000000000000000000000000000000000087
:1069100000000000000000F0FFFFFFFFF0FFFFFF9E
:10692000FFF0FFFFFFFFF0FFFFFFFFF0FFFFFFFFA4
:10693000F0FFFFFFFFF0FFFFFFFF0000000000007F
:106940000000000000000000000000000000000047
:106950000000000000000000000000000000000037
:1069600000000000000000F0FFFFFFFFF0FFFFFF4E
:10697000FFF0FFFFFFFFF0FFFFFFFFF0FFFFFFFF54
:10698000F0FFFFFFFFF0FFFFFFFF0000000000002F
:1069900000000000000000000000000000000000F7
:1069A00000000000000000000000000000000000E7
:1069B00000000000000000000000000000000000D7
:1069C00000000000000000000000000000000000C7
:1069D00000000000000000000000000000000000B7
:1069E00000000000000000000000000000000000A7
:1069F0000000000000000000000000000000000097
:106A00000000000000000000000000000000000086
:106A10000000000000000000000000000000000076
:106A20000000000000000000000000000000000066
:106A30000000000000000000000000000000000056
:106A40000000000000000000000000000000000046
:106A50000000000000000000000000000000000036
:106A60000000000000000000000000000000000026
:106A70000000000000000000000000000000000016
:106A8000000000003000000000F000000000F003F3
:106A9000000000F00F000000F07F000000F0FF0198
:106AA0000000F0FF070000E0FF1F000000FFFF00F4
:106AB0000000FCFF030000E0FF0F000080FF7F00EC
:106AC0000000FCFF010000F0FF07000080FF1F0036
:106AD0000000FCFF000000F0FF00000080FF00004D
:106AE0000000FE00000080FF000000F0FF0000003A
:106AF000FCFF000080FF1F0000F0FF070000FCFF0C
:106B0000010080FF7F0000E0FF0F0000FCFF03009A
:106B100000FFFF0000E0FF1F0000F0FF070000F093
:106B2000FF010000F07F000000F00F000000F00304
:106B3000000000F000000000300000000000000035
:106B40000000000000000000000000000000000045
:106B50000000000000000000000000000000000035
:106B60000000000000000000000000000000000025
:106B70000000000000000000000000000000000015
:106B80000000000000000000000000000000000005
:106B900000000000000000000000000000000000F5
:106BA00000000000000000000000000000000000E5
:106BB00000000000000000000000000000000000D5
:106BC00000000000000000000000000000000000C5
:106BD00000000000000000000000000000000000B5
:106BE00000000000FF070000E0FF3F0000F8FFFF8B
:106BF0000000FCFFFF0100FEFFFF0300FFFFFF0797
:106C000080FFFFFF0FC0FF03FE1FC0FF00F83FE043
:106C10003F00E03FE01F00C03FE00F00807FF00F2B
:106C200000807FF00700007FF00700007FF0070082
:106C3000007F800700007F000000007F0000000050
:106C40007F000000807F000000803F000000C03F08
:106C5000000000E01F000000F00F000000F80F002F
:106C60000000FC07000000FE03000000FF01000020
:106C700080FF000000C07F000000E03F000000F047
:106C80001F000000F00F000000F807000000F803EC
:106C9000000000F803000000FC01000000FC0100FF
:106CA0000000FC01000000FC01000000FC010000ED
:106CB00000FC00000000FC000000000000000000DC
:106CC00000000000000000000000000000000000C4
:106CD000000000000000000000FE00000000FE00B8
:106CE000000000FE00000000FE00000000FE0000AA
:106CF0000000FE00000000FE000000000000000098
:106D00000000000000000000000000000000000083
:106D10000000000000000000000000000000000073
:106D20000000000000000000000000000000000063
:106D30000000000000000000000000000000000053
:106D40000000000000000000000000000000000043
:106D50000000000000000000000000000000000033
:106D60000000000000000000000000000000000023
:106D7000000000000000FC000000C0FF000000F860
:106D8000FF000000FFFF0000C0FFFF0000E0FFFF6A
:106D90000000F8FFFF0000FCFF070000FE7F00007E
:106DA00000FF0F000080FF030000C0FF000000E0B4
:106DB0007F000000F01F000000F00F000000F80747
:106DC00000FC00FC0300FF00FC01C0FF00FE00E02F
:106DD000FF007E00F8FF007F00FCFF003F00FEFF89
:106DE000803F00FE0F801F00FF01801F80FF00C05A
:106DF0000F807F00C00FC03F00C00FC01F00E00722
:106E0000E01F00E007E00F00E007F00F00E003F0F4
:106E10000700E003F00700E003F80700F003F803C1
:106E200000F003F80300F003F80300F003F8030098
:106E3000F003F80300F003F80300F003F80300F098
:106E400003F80300E003F80300E003F80300E007A1
:106E5000F80700E007F00700E007F00F00E007F098
:106E60001F80C00FE07FF0C00FC0FFFFC01FC0FF3A
:106E7000FF801F80FFFF803F00FFFF803F00FEFF7D
:106E8000007F00FC3F00FF00E00F00FE010000005B
:106E9000FC03000000FC07000000F81F000000F0E9
:106EA0003F000000E0FF000000C0FF07000080FF7F
:106EB0003F000000FFFF070000FCFFFF0000000094
:106EC00000000000000000000000000000000000C2
:106ED00000000000000000000000000000000000B2
:106EE00000000000000000000000000000000000A2
:106EF0000000000000000000000000000000000092
:106F0000000000000000000000E01F000000E01F83
:106F1000000000E01F000000F03F000000F03F0014
:106F20000000F87F000000F87F000000F8FF00007C
:106F300000FCFE000000FCFC000000FEFC01000064
:106F4000FEFC0100007EF80300007FF80300007FD4
:106F5000F80300803FF00700803FF00700803FF01B
:106F60000F00C01FE00F00C01FE01F00E01FC01F88
:106F700000E00FC01F00E00FC03F00F007803F009F
:106F8000F007807F00F007807F00F803007F00F8A3
:106F90000300FF00FC0100FE00FC0100FE00FC01FC
:106FA00000FE00FEFFFFFF00FEFFFFFF00FFFFFFF0
:106FB000FF00FFFFFFFF00FFFFFFFF80FFFFFFFF5E
:106FC00080FFFFFFFFC03F0000E0C01F0000E0C0E7
:106FD0001F0000E0E01F0000C0E00F0000C0F00F45
:106FE0000000C0F00F000080F007000080F80700EC
:106FF0000000F803000000FC03000000FC03000098
:1070000000FC01000000FE01000000FE0100000085
:10701000FE00000000FF0000000000000000000073
:107020000000000000000000000000000000000060
:107030000000000000000000000000000000000050
:107040000000000000000000000000000000000040
:107050000000000000000000000000000000000030
:107060000000000000000000000000000000000020
:107070000000000000000000000000000000000010
:107080000000000000000000000000000000000000
:1070900000000000000000C0FFFFFF01C0FFFFFF75
:1070A0000FC0FFFFFF3FC0FFFFFF7FC0FFFFFFFFDD
:1070B000C0FFFFFFFFC0FFFFFFFFC01F0080FFC03A
:1070C0001F0000FCC01F0000F8C01F0000F0C01F20
:1070D0000000E0C01F0000E0C01F0000E0C01F0073
:1070E00000E0C01F0000E0C01F0000E0C01F000063
:1070F000E0C01F0000E0C01F0000F0C01F0000F84B
:10710000C01F0000FCC01F0080FFC0FFFFFFFFC0CA
:10711000FFFFFF7FC0FFFFFF3FC0FFFFFF3FC0FF3C
:10712000FFFFFFC0FFFFFFFFC0FFFFFFFFC01F000B
:1071300000FFC01F0000F8C01F0000E0C01F0000DB
:10714000C0C01F0000C0C01F000080C01F00008022
:10715000C01F000080C01F000000C01F000000C052
:107160001F000080C01F000080C01F000080C01FE3
:107170000000C0C01F0000C0C01F0000E0C01F0012
:1071800000F8C01F0000FFC0FFFFFFFFC0FFFFFFB0
:10719000FFC0FFFFFFFFC0FFFFFFFFC0FFFFFFFFBC
:1071A000C0FFFFFF1FC0FFFFFF0300000000000043
:1071B00000000000000000000000000000000000CF
:1071C00000000000000000000000000000000000BF
:1071D00000000000000000000000000000000000AF
:1071E000000000000000000000000000000000009F
:1071F000000000000000000000000000000000008F
:10720000000000000000000000000000000000007E
:10721000000000000000000000000000000000006E
:107220000000000000FF0F0000E0FF7F0000FCFFF7
:10723000FF0000FFFFFF0080FFFFFF00E0FFFFFFF8
:1072400000F0FFFFFF00F8FF01FC00FC3F00E00042
:10725000FE0F008000FE07000000FF01000000FF9D
:1072600000000080FF000000807F000000C03F00A1
:107270000000C03F000000E01F000000E01F000011
:1072800000E01F000000E00F000000F00F00000011
:10729000F00F000000F00F000000F00F000000F001
:1072A0000F000000F00F000000F00F000000F00FD2
:1072B000000000F00F000000F00F000000F00F00D1
:1072C0000000F00F000000F00F000000F00F0000C1
:1072D00000E00F000000E00F000000E01F000000D1
:1072E000E01F000000C01F000000C03F000000C001
:1072F0003F000000807F00000080FF00000000FFD2
:1073000000000000FF01000000FE03000000FE0F6F
:1073100000C000FC3F00E000F8FF01FC00F0FFFFB0
:10732000FF00E0FFFFFF00C0FFFFFF0000FFFFFFC7
:107330000000FEFFFF0000F0FF7F000080FF07005D
:10734000000000000000000000000000000000003D
:10735000000000000000000000000000000000002D
:10736000000000000000000000000000000000001D
:10737000000000000000000000000000000000000D
:1073800000000000000000000000000000000000FD
:1073900000000000000000000000000000000000ED
:1073A00000000000000000000000000000000000DD
:1073B00000000000000000C0FFFFFF03C0FFFFFF50
:1073C0003FC0FFFFFFFFC0FFFFFFFFC0FFFFFFFF4A
:1073D000C0FFFFFFFFC0FFFFFFFFC01F0000FFC097
:1073E0001F0000F8C01F0000E0C01F000080C01F89
:1073F000000000C01F000000C01F000000C01F00F0
:107400000000C01F000000C01F000000C01F0000DF
:1074100000C01F000000C01F000000C01F000000CF
:10742000C01F000000C01F000000C01F000000C0FF
:107430001F000000C01F000000C01F000000C01F90
:10744000000000C01F000000C01F000000C01F009F
:107450000000C01F000000C01F000000C01F00008F
:1074600000C01F000000C01F000000C01F0000007F
:10747000C01F000000C01F000000C01F000000C0AF
:107480001F000000C01F000000C01F000000C01F40
:10749000000000C01F000080C01F0000E0C01F00EF
:1074A00000F8C01F0000FFC0FFFFFFFFC0FFFFFF8D
:1074B000FFC0FFFFFFFFC0FFFFFFFFC0FFFFFFFF99
:1074C000C0FFFFFF1FC0FFFFFF0100000000000022
:1074D00000000000000000000000000000000000AC
:1074E000000000000000000000000000000000009C
:1074F000000000000000000000000000000000008C
:10750000000000000000000000000000000000007B
:10751000000000000000000000000000000000006B
:10752000000000000000000000000000000000005B
:10753000000000000000000000000000000000004B
:1075400000000000000000C0FFFFFFFFC0FFFFFFC2
:10755000FFC0FFFFFFFFC0FFFFFFFFC0FFFFFFFFF8
:10756000C0FFFFFFFFC0FFFFFFFFC03F000000C0E4
:107570003F000000C03F000000C03F000000C03FCF
:10758000000000C03F000000C03F000000C03F00FE
:107590000000C03F000000C03F000000C03F0000EE
:1075A00000C03F000000C03F000000C03F000000DE
:1075B000C03F000000C03F000000C0FFFFFFFFC051
:1075C000FFFFFFFFC0FFFFFFFFC0FFFFFFFFC0FF88
:1075D000FFFFFFC0FFFFFFFFC0FFFFFFFFC03F0037
:1075E0000000C03F000000C03F000000C03F00009E
:1075F00000C03F000000C03F000000C03F0000008E
:10760000C03F000000C03F000000C03F000000C0BD
:107610003F000000C03F000000C03F000000C03F2E
:10762000000000C03F000000C03F000000C03F005D
:107630000000C03F000000C0FFFFFFFFC0FFFFFFD2
:10764000FFC0FFFFFFFFC0FFFFFFFFC0FFFFFFFF07
:10765000C0FFFFFFFFC0FFFFFFFF000000000000B2
:10766000000000000000000000000000000000001A
:10767000000000000000000000000000000000000A
:1076800000000000000000000000000000000000FA
:1076900000000000000000000000000000000000EA
:1076A00000000000000000000000000000000000DA
:1076B00000000000000000000000000000000000CA
:1076C00000000000000000000000000000000000BA
:1076D00000000000000000C0FFFFFFFFC0FFFFFF31
:1076E000FFC0FFFFFFFFC0FFFFFFFFC0FFFFFFFF67
:1076F000C0FFFFFFFFC0FFFFFFFFC03F000000C053
:107700003F000000C03F000000C03F000000C03F3D
:10771000000000C03F000000C03F000000C03F006C
:107720000000C03F000000C03F000000C03F00005C
:1077300000C03F000000C03F000000C03F0000004C
:10774000C03F000000C03F000000C0FFFFFFFFC0BF
:10775000FFFFFFFFC0FFFFFFFFC0FFFFFFFFC0FFF6
:10776000FFFFFFC0FFFFFFFFC0FFFFFFFFC03F00A5
:107770000000C03F000000C03F000000C03F00000C
:1077800000C03F000000C03F000000C03F000000FC
:10779000C03F000000C03F000000C03F000000C02C
:1077A0003F000000C03F000000C03F000000C03F9D
:1077B000000000C03F000000C03F000000C03F00CC
:1077C0000000C03F000000C03F000000C03F0000BC
:1077D00000C03F000000C03F000000C03F000000AC
:1077E000C03F000000C03F0000000000000000009B
:1077F0000000000000000000000000000000000089
:107800000000000000000000000000000000000078
:107810000000000000000000000000000000000068
:107820000000000000000000000000000000000058
:107830000000000000000000000000000000000048
:107840000000000000000000000000000000000038
:107850000000000000000000000000000000000028
:107860000000000000FE3F0000E0FFFF0000F8FF06
:10787000FF0000FEFFFF0080FFFFFF00C0FFFFFFD3
:1078800000E0FFFFFF00F0FF07F000F87F000000BE
:10789000FC1F000000FE07000000FE03000000FFC8
:1078A00001000000FF00000080FF000000807F005A
:1078B0000000C03F000000C03F000000C01F0000EB
:1078C00000E01F000000E01F000000E00F000000CB
:1078D000E00F000000F00F000000F00F000000F0CB
:1078E0000F000000F00F000000F00F000000F00F8C
:1078F0000000FFF00F0000FFF00F0000FFF00F008E
:1079000000FFF00F0000FFF00F0000FFE00F00008D
:10791000FFE00F000000E01F000000E01F0000007B
:10792000E01F000000C03F000000C03F00000080DA
:107930007F000000807F00000000FF00000000FFCB
:1079400001000000FE03000000FE0F000000FC1F0D
:10795000000000F8FF000000F0FF07E000E0FFFF7C
:10796000FF00C0FFFFFF0000FFFFFF0000FEFFFF62
:107970000000F8FFFF0000C0FFFF000000FC3F0018
:1079800000000000000000000000000000000000F7
:1079900000000000000000000000000000000000E7
:1079A00000000000000000000000000000000000D7
:1079B00000000000000000000000000000000000C7
:1079C00000000000000000000000000000000000B7
:1079D00000000000000000000000000000000000A7
:1079E0000000000000000000000000000000000097
:1079F00000000000000000C03F000000C03F000089
:107A000000C03F000000C03F000000C03F00000079
:107A1000C03F000000C03F000000C03F000000C0A9
:107A20003F000000C03F000000C03F000000C03F1A
:107A3000000000C03F000000C03F000000C03F0049
:107A40000000C03F000000C03F000000C03F000039
:107A500000C03F000000C03F000000C03F00000029
:107A6000C03F000000C0FFFFFFFFC0FFFFFFFFC0DF
:107A7000FFFFFFFFC0FFFFFFFFC0FFFFFFFFC0FFD3
:107A8000FFFFFFC0FFFFFFFFC03F000000C03F003F
:107A90000000C03F000000C03F000000C03F0000E9
:107AA00000C03F000000C03F000000C03F000000D9
:107AB000C03F000000C03F000000C03F000000C009
:107AC0003F000000C03F000000C03F000000C03F7A
:107AD000000000C03F000000C03F000000C03F00A9
:107AE0000000C03F000000C03F000000C03F000099
:107AF00000C03F000000C03F000000C03F00000089
:107B0000C03F000000C03F00000000000000000077
:107B10000000000000000000000000000000000065
:107B20000000000000000000000000000000000055
:107B30000000000000000000000000000000000045
:107B40000000000000000000000000000000000035
:107B50000000000000000000000000000000000025
:107B60000000000000000000000000000000000015
:107B70000000000000000000000000000000000005
:107B800000000000000000803F000000803F000077
:107B900000803F000000803F000000803F000000A8
:107BA000803F000000803F000000803F0000008018
:107BB0003F000000803F000000803F000000803F49
:107BC000000000803F000000803F000000803F0078
:107BD0000000803F000000803F000000803F000068
:107BE00000803F000000803F000000803F00000058
:107BF000803F000000803F000000803F00000080C8
:107C00003F000000803F000000803F000000803FF8
:107C1000000000803F000000803F000000803F0027
:107C20000000803F000000803F000000803F000017
:107C300000803F000000803F000000803F00000007
:107C4000803F000000803F000000803F0000008077
:107C50003F000000803F000000803F000000803FA8
:107C6000000000803F000000803F000000803F00D7
:107C70000000803F000000803F000000803F0000C7
:107C800000803F000000803F000000803F000000B7
:107C9000803F000000803F00000000000000000066
:107CA00000000000000000000000000000000000D4
:107CB00000000000000000000000000000000000C4
:107CC00000000000000000000000000000000000B4
:107CD00000000000000000000000000000000000A4
:107CE0000000000000000000000000000000000094
:107CF0000000000000000000000000000000000084
:107D00000000000000000000000000000000000073
:107D100000000000000000000000FC01000000FC6A
:107D200001000000FC01000000FC01000000FC015B
:107D3000000000FC01000000FC01000000FC01004C
:107D40000000FC01000000FC01000000FC0100003C
:107D500000FC01000000FC01000000FC010000002C
:107D6000FC01000000FC01000000FC01000000FC20
:107D700001000000FC01000000FC01000000FC010B
:107D8000000000FC01000000FC01000000FC0100FC
:107D90000000FC01000000FC01000000FC010000EC
:107DA00000FC01000000FC01000000FC01000000DC
:107DB000FC01000000FC01000000FC01000000FCD0
:107DC00001000000FC01000000FC01000000FC01BB
:107DD000000000FC01000000FC01E00100FC01FCCF
:107DE0000100FC01FC0100FE01FC0100FE01F803A2
:107DF00000FE01F80300FE00F80300FF00F8070092
:107E0000FF00F80FC0FF00F03FF07F00F0FFFF7FA2
:107E100000E0FFFF3F00C0FFFF1F0080FFFF0F00DB
:107E200000FFFF070000FCFF010000F03F00000022
:107E30000000000000000000000000000000000042
:107E40000000000000000000000000000000000032
:107E50000000000000000000000000000000000022
:107E60000000000000000000000000000000000012
:107E70000000000000000000000000000000000002
:107E800000000000000000000000000000000000F2
:107E900000000000000000000000000000000000E2
:107EA00000000000000000C01F000000C01F000014
:107EB00080C01F0000C0C01F0000E0C01F0000F015
:107EC000C01F0000F8C01F0000FCC01F0000FEC063
:107ED0001F0000FFC01F0080FFC01F00C07FC01F29
:107EE00000E03FC01F00F01FC01F00F80FC01F00C0
:107EF000FC07C01F00FE03C01F00FF01C01F80FF62
:107F000000C01FC07F00C01FE03F00C01FF01F0067
:107F1000C01FF80F00C01FFC0700C01FFE0F00C0ED
:107F20001FFF1F00C09FFF1F00C0DFFF3F00C0FFFB
:107F3000FF7F00C0FF8FFF00C0FF87FF00C0FF036F
:107F4000FF01C0FF01FE03C0FF00FC07C07F00FC73
:107F500007C03F00F80FC01F00F01FC01F00F01F38
:107F6000C01F00E03FC01F00C07FC01F00C0FFC097
:107F70001F0080FFC01F0000FFC01F0000FEC01FC9
:107F80000000FEC01F0000FCC01F0000F8C01F0062
:107F900000F8C01F0000F0C01F0000E0C01F00007C
:107FA000E0C01F0000C0C01F000080C01F00000014
:107FB000C01F000000C01F00000000000000000003
:107FC00000000000000000000000000000000000B1
:107FD00000000000000000000000000000000000A1
:107FE0000000000000000000000000000000000091
:107FF0000000000000000000000000000000000081
:108000000000000000000000000000000000000070
:108010000000000000000000000000000000000060
:108020000000000000000000000000000000000050
:1080300000000000000000C01F000000C01F000082
:1080400000C01F000000C01F000000C01F00000093
:10805000C01F000000C01F000000C01F000000C0C3
:108060001F000000C01F000000C01F000000C01F54
:10807000000000C01F000000C01F000000C01F0063
:108080000000C01F000000C01F000000C01F000053
:1080900000C01F000000C01F000000C01F00000043
:1080A000C01F000000C01F000000C01F000000C073
:1080B0001F000000C01F000000C01F000000C01F04
:1080C000000000C01F000000C01F000000C01F0013
:1080D0000000C01F000000C01F000000C01F000003
:1080E00000C01F000000C01F000000C01F000000F3
:1080F000C01F000000C01F000000C01F000000C023
:108100001F000000C01F000000C01F000000C01FB3
:10811000000000C01F000000C01F000000C01F00C2
:108120000000C01F000000C0FFFFFFFFC0FFFFFFF7
:10813000FFC0FFFFFFFFC0FFFFFFFFC0FFFFFFFF0C
:10814000C0FFFFFFFFC0FFFFFFFF000000000000B7
:10815000000000000000000000000000000000001F
:10816000000000000000000000000000000000000F
:1081700000000000000000000000000000000000FF
:1081800000000000000000000000000000000000EF
:1081900000000000000000000000000000000000DF
:1081A00000000000000000000000000000000000CF
:1081B00000000000000000000000000000000000BF
:1081C00000000000000000C0FF010000C0FF01002F
:1081D00000C0FF030000C0FF030000C0FF03000059
:1081E000C0FF070000C0FF070000C0FF070000C07D
:1081F000FF0F0000C0FF0F0000C0DF0F0000C0DF56
:108200001F0000C0DF1F0000C09F1F0000C09F3F75
:108210000000C09F3F0000C01F3F0000C01F7F0044
:1082200000C01F7F0000C01F7E0000C01FFE0000B6
:10823000C01FFE0000C01FFC0000C01FFC0080C06B
:108240001FFC0180C01FF80180C01FF80180C01F03
:10825000F803C0C01FF003C0C01FF003C0C01FF070
:1082600007E0C01FE007E0C01FE007E0C01FE00F0D
:10827000F0C01FC00FF0C01FC00FF0C01FC01FF81C
:10828000C01F801FF8C01F801FF8C01F803FFCC0A8
:108290001F003FFCC01F003F7CC01F007F7EC01F2F
:1082A000007E7EC01F007E3EC01F007E3FC01F00BC
:1082B000FC3FC01F00FC1FC01F00FC1FC01F00FCB4
:1082C0001FC01F00F80FC01F00F80FC01F00F80FDD
:1082D000C01F00F007C01F00F007000000000000F2
:1082E000000000000000000000000000000000008E
:1082F000000000000000000000000000000000007E
:10830000000000000000000000000000000000006D
:10831000000000000000000000000000000000005D
:10832000000000000000000000000000000000004D
:10833000000000000000000000000000000000003D
:10834000000000000000000000000000000000002D
:1083500000000000000000C03F000000C03F00001F
:1083600000C07F000000C0FF000000C0FF00000050
:10837000C0FF010000C0FF030000C0FF070000C0F5
:10838000FF070000C0FF0F0000C0FF1F0000C0FF7C
:108390001F0000C0FF3F0000C0DF7F0000C09F7FC4
:1083A0000000C09FFF0000C01FFF0100C01FFE01B2
:1083B00000C01FFC0300C01FFC0700C01FF807001F
:1083C000C01FF00F00C01FF01F00C01FE01F00C043
:1083D0001FC03F00C01FC07F00C01F80FF00C01F24
:1083E00000FF00C01F00FF01C01F00FE03C01F00F0
:1083F000FC03C01F00FC07C01F00F80FC01F00F0E7
:108400000FC01F00F01FC01F00E03FC01F00C03F93
:10841000C01F00807FC01F0080FFC01F0000FFC082
:108420001F0000FEC01F0000FEC01F0000FCC01F98
:108430000000F8C01F0000F8C01F0000F0C01F00BF
:1084400000E0C01F0000E0C01F0000C0C01F00000F
:1084500080C01F000080C01F000000C01F0000007F
:10846000C01F000000C01F0000000000000000004E
:1084700000000000000000000000000000000000FC
:1084800000000000000000000000000000000000EC
:1084900000000000000000000000000000000000DC
:1084A00000000000000000000000000000000000CC
:1084B00000000000000000000000000000000000BC
:1084C00000000000000000000000000000000000AC
:1084D000000000000000000000000000000000009C
:1084E0000000000000FF0F0000E0FF7F0000FCFF25
:1084F000FF0000FFFFFF0080FFFFFF00C0FFFFFF46
:1085000000E0FFFFFF00F8FF03FC00F87F00C00061
:10851000FC1F000000FE07000000FF03000000FF3A
:1085200001000080FF000000807F000000C03F00CD
:108530000000C03F000000C01F000000E01F00005E
:1085400000E01F000000E00F000000E00F0000004E
:10855000F00F000000F00F000000F00F000000F02E
:108560000F000000F007000000F007000000F00717
:10857000000000F007000000F007000000F0070016
:108580000000F00F000000F00F000000F00F0000EE
:1085900000F00F000000E00F000000E01F000000EE
:1085A000E01F000000C01F000000C03F000000C02E
:1085B0003F000000807F00000080FF00000000FFFF
:1085C00001000000FF03000000FE07000000FC1F88
:1085D000000000F83F00C000F0FF03F800E0FFFFDC
:1085E000FF00C0FFFFFF0080FFFFFF0000FEFFFF56
:1085F0000000FCFFFF0000E0FF7F000000FF0F0015
:10860000000000000000000000000000000000006A
:10861000000000000000000000000000000000005A
:10862000000000000000000000000000000000004A
:10863000000000000000000000000000000000003A
:10864000000000000000000000000000000000002A
:10865000000000000000000000000000000000001A
:10866000000000000000000000000000000000000A
:1086700000000000000000C0FFFFFF07C0FFFFFF79
:108680007FC0FFFFFFFFC0FFFFFFFFC0FFFFFFFF37
:10869000C0FFFFFFFFC0FFFFFFFFC01F0000FCC0C7
:1086A0001F0000F0C01F0000C0C01F0000C0C01F9E
:1086B000000080C01F000000C01F000000C01F009D
:1086C0000000C01F000000C01F000000C01F00000D
:1086D00000C01F000000C01F000000C01F0000807D
:1086E000C01F000080C01F0000C0C01F0000E0C00D
:1086F0001F0000F0C01F0000FFC0FFFFFFFFC0FF12
:10870000FFFFFFC0FFFFFFFFC0FFFFFFFFC0FFFF36
:10871000FFFFC0FFFFFF3FC0FFFFFF03C01F0000C0
:1087200000C01F000000C01F000000C01F000000AC
:10873000C01F000000C01F000000C01F000000C0DC
:108740001F000000C01F000000C01F000000C01F6D
:10875000000000C01F000000C01F000000C01F007C
:108760000000C01F000000C01F000000C01F00006C
:1087700000C01F000000C01F000000C01F0000005C
:10878000C01F000000C01F0000000000000000002B
:1087900000000000000000000000000000000000D9
:1087A00000000000000000000000000000000000C9
:1087B00000000000000000000000000000000000B9
:1087C00000000000000000000000000000000000A9
:1087D0000000000000000000000000000000000099
:1087E0000000000000000000000000000000000089
:1087F0000000000000000000000000000000000079
:108800000000000000FF0F0000F0FF7F0000FCFFF1
:10881000FF0000FFFFFF00C0FFFFFF00E0FFFFFFC2
:1088200000F0FFFFFF00F8FF01FC00FC3F00E0004C
:10883000FE0F008000FE03000000FF01000080FF2B
:10884000000000807F000000C07F000000C03F00EB
:108850000000E01F000000E01F000000E00F00002B
:1088600000E00F000000F00F000000F00F0000001B
:10887000F007000000F007000000F007000000F023
:1088800007000000F807000000F807000000F807E4
:10889000000000F807000000F807000000F00700E3
:1088A0000000F007000000F007000000F0070000E3
:1088B00000F00F000000F00F000000E00F000000CB
:1088C000E01F000000E01F000000E01F000001C0EA
:1088D0003F00800FC07F00803F807F00807F80FF4F
:1088E00000C0FF00FF01C0FF00FE0700FE00FE0FFA
:1088F00000F800FC3F00E000F8FF01FC00F0FFFF83
:10890000FF00E0FFFFFF0080FFFFFF0000FFFFFF11
:108910000000FCFFFF0000F0FF7F000000FF0700E9
:108920000000000000000000000000000000000047
:108930000000000000000000000000000000000037
:108940000000000000000000000000000000000027
:108950000000000000000000000000000000000017
:108960000000000000000000000000000000000007
:1089700000000000000000000000000000000000F7
:1089800000000000000000000000000000000000E7
:1089900000000000000000C0FFFFFF3FC0FFFFFF1E
:1089A000FFC0FFFFFFFFC0FFFFFFFFC0FFFFFFFF94
:1089B000C0FFFFFFFFC0FFFFFFFFC03F0000F0C090
:1089C0003F000080C03F000000C03F000000C03FEB
:1089D000000000C03F000000C03F000000C03F009A
:1089E0000000C03F000000C03F000000C03F00008A
:1089F00000C03F000000C03F000000C03F0000007A
:108A0000C03F000000C03F0000C0C03F0000F8C0F1
:108A1000FFFFFFFFC0FFFFFFFFC0FFFFFFFFC0FF23
:108A2000FFFFFFC0FFFFFFFFC0FFFFFF3FC0FFFFD3
:108A3000FF0FC03F00F83FC03F00E07FC03F008015
:108A4000FFC03F0000FFC03F0000FEC03F0000FC31
:108A5000C03F0000FCC03F0000F8C03F0000F0C075
:108A60003F0000F0C03F0000E0C03F0000C0C03F3A
:108A70000000C0C03F000080C03F000000C03F00B9
:108A80000000C03F000000C03F000000C03F0000E9
:108A900000C03F000000C03F000000C03F000000D9
:108AA000C03F000000C03F000000000000000000C8
:108AB00000000000000000000000000000000000B6
:108AC00000000000000000000000000000000000A6
:108AD0000000000000000000000000000000000096
:108AE0000000000000000000000000000000000086
:108AF0000000000000000000000000000000000076
:108B00000000000000000000000000000000000065
:108B10000000000000000000000000000000000055
:108B200000000000F87F000000FFFF0700E0FFFFEB
:108B30001F00F0FFFF7F00FCFFFFFF00FEFFFFFFB5
:108B400000FEFFFFFF00FF0FC0FF80FF0100FE805F
:108B50007F0000F8C03F0000F0C03F0000E0C01FF1
:108B60000000C0C01F0000C0C01F0000C0C01F0028
:108B700000C0C01F000000C01F000000C03F000078
:108B800000C03F00000080FF00000080FF030000E5
:108B900000FF1F000000FEFF010000FEFF1F00009D
:108BA000F8FFFF0100F0FFFF0F00C0FFFF3F0000D4
:108BB000FFFFFF0000F8FFFF000080FFFF00000044
:108BC000F8FF00000080FF00000000FC0000000033
:108BD000F000000000C00000000080F803000080EA
:108BE000F007000000F007000000F007000000F0B0
:108BF00007000000F00F000000E00F000080E01F01
:108C0000000080E03F0000C0C07F0000E0C0FF0027
:108C100000F080FF0300FC00FF3F80FF00FEFFFF2D
:108C2000FF00FCFFFFFF00F8FFFFFF00F0FFFFFF6A
:108C300000C0FFFF3F0000FFFF0F0000F0FF00003B
:108C40000000000000000000000000000000000024
:108C50000000000000000000000000000000000014
:108C60000000000000000000000000000000000004
:108C700000000000000000000000000000000000F4
:108C800000000000000000000000000000000000E4
:108C900000000000000000000000000000000000D4
:108CA00000000000000000000000000000000000C4
:108CB00000000000000000FCFFFFFFFFFCFFFFFFC3
:108CC000FFFCFFFFFFFFFCFFFFFFFFFCFFFFFFFFBD
:108CD000FCFFFFFFFFFCFFFFFFFF0000F0070000AD
:108CE00000F007000000F007000000F0070000009F
:108CF000F007000000F007000000F007000000F09F
:108D000007000000F007000000F007000000F00777
:108D1000000000F007000000F007000000F007006E
:108D20000000F007000000F007000000F00700005E
:108D300000F007000000F007000000F0070000004E
:108D4000F007000000F007000000F007000000F04E
:108D500007000000F007000000F007000000F00727
:108D6000000000F007000000F007000000F007001E
:108D70000000F007000000F007000000F00700000E
:108D800000F007000000F007000000F007000000FE
:108D9000F007000000F007000000F007000000F0FE
:108DA00007000000F007000000F007000000F007D7
:108DB000000000F007000000F007000000F00700CE
:108DC0000000F007000000F00700000000000000B5
:108DD0000000000000000000000000000000000093
:108DE0000000000000000000000000000000000083
:108DF0000000000000000000000000000000000073
:108E00000000000000000000000000000000000062
:108E10000000000000000000000000000000000052
:108E20000000000000000000000000000000000042
:108E30000000000000000000000000000000000032
:108E400000000000000000C03F000000C03F000024
:108E500000C03F000000C03F000000C03F00000015
:108E6000C03F000000C03F000000C03F000000C045
:108E70003F000000C03F000000C03F000000C03FB6
:108E8000000000C03F000000C03F000000C03F00E5
:108E90000000C03F000000C03F000000C03F0000D5
:108EA00000C03F000000C03F000000C03F000000C5
:108EB000C03F000000C03F000000C03F000000C0F5
:108EC0003F000000C03F000000C03F000000C03F66
:108ED000000000C03F000000C03F000000C03F0095
:108EE0000000C03F000000C03F000000C03F000085
:108EF00000C03F000000C03F000000803F000000B5
:108F0000803F000000803F000000803F00000080A4
:108F10007F000000807F000000807F00000000FFD5
:108F200000000000FF00000000FF01008000FE07BD
:108F300000C000FE0F00F000FC7F00FE00F8FFFF05
:108F4000FF00F0FFFFFF00E0FFFFFF00C0FFFFFF9B
:108F50000000FFFFFF0000FCFF3F0000C0FF030018
:108F60000000000000000000000000000000000001
:108F700000000000000000000000000000000000F1
:108F800000000000000000000000000000000000E1
:108F900000000000000000000000000000000000D1
:108FA00000000000000000000000000000000000C1
:108FB00000000000000000000000000000000000B1
:108FC00000000000000000000000000000000000A1
:108FD00000000000000000FE00000000FE01000094
:108FE00000FE01000000FC03000000FC0300000084
:108FF000F803000000F807000000F807000000F088
:1090000007000000F00F000000E00F000080E00FFC
:10901000000080E01F0000C0C01F0000C0C03F0073
:1090200000C0803F0000E0803F0000E0807F000043
:10903000E0007F0000F0007F0000F000FF0000F083
:1090400000FE0000F800FE0000F800FC0100FC003B
:10905000FC0100FC00FC0300FC00F80300FE00F82B
:109060000300FE00F007007E00F007007F00F0071D
:10907000007F00E00F803F00E00F803F00C00F80C6
:109080001F00C01FC01F00C01FC01F00803FC00FB7
:1090900000803FE00F00803FE00700007FF0070006
:1090A000007FF00700007EF0030000FEF8030000E0
:1090B000FEF8030000FCF8010000FCFD010000F8D0
:1090C000FD000000F8FD000000F8FF000000F07F48
:1090D000000000F07F000000E03F000000E03F00E3
:1090E0000000E03F000000C01F0000000000000082
:1090F0000000000000000000000000000000000070
:10910000000000000000000000000000000000005F
:10911000000000000000000000000000000000004F
:10912000000000000000000000000000000000003F
:10913000000000000000000000000000000000002F
:10914000000000000000000000000000000000001F
:10915000000000000000000000000000000000000F
:1091600000000000000000FC010000FCFC01000009
:10917000FCFC030000FCF8030000FEF8030000FE06
:10918000F8030000FEF8070000FFF0070000FFF002
:109190000700007FF00700803FF00F00803FE00FE6
:1091A00000803FE00F00C01FE00F00C01FE00F0075
:1091B000C01FC01F00E01FC01F00E00FC01F00E065
:1091C0000F801F00E00F803F00F007803F00F00796
:1091D000803F00F007003F00F803007F00F8030025
:1091E0007F00F803007F00FC01007E00FC01007E90
:1091F00000FC0100FE00FE0000FE00FE0000FC007E
:10920000FE0000FC00FF0000FC017F0000F8017F71
:109210000000F8817F0000F8813F0000F8833F00E4
:1092200000F0833F0000F0C31F0000F0C31F0000E8
:10923000F0C31F0000E0E70F0000E0E70F0000E0D0
:10924000E70F0000E0E7070000C0F7070000C0FFDD
:10925000070000C0FF070000C0FF03000080FF03FD
:10926000000080FF03000080FF01000000FF0100FC
:109270000000FF01000000FF0000000000000000EF
:1092800000000000000000000000000000000000DE
:1092900000000000000000000000000000000000CE
:1092A00000000000000000000000000000000000BE
:1092B00000000000000000000000000000000000AE
:1092C000000000000000000000000000000000009E
:1092D000000000000000000000000000000000008E
:1092E000000000000000000000000000000000007E
:1092F00000000000000000F80F000000F01F000058
:1093000000E01F000080E03F0000C0C07F0000C000
:10931000807F0000E080FF0000F000FF0100F0000F
:10932000FE0300F800FC0300FC00FC0700FE00F850
:109330000F00FE00F00F00FF00F01F807F00E03FF5
:10934000C03F00C07FC03F00C07FE01F0080FFF033
:109350000F0000FFF80F0000FEF9070000FEFF03FA
:109360000000FCFF010000F8FF010000F8FF000012
:1093700000F07F000000E07F000000E03F00000000
:10938000E07F000000F0FF000000F8FF000000F8A0
:10939000FF010000FCFF030000FEFF070000FFFDCF
:1093A000070000FFF80F00807FF01F00C07FF01F54
:1093B00000E03FE03F00E01FC07F00F00F80FF00B3
:1093C000F80F80FF00FC0700FF00FC0300FE00FE1A
:1093D0000100FE00FF0100FC80FF0000F8807F001C
:1093E00000F0C07F0000F0E03F0000E0F01F000050
:1093F000C0F00F0000C0F80F000080FC0700000064
:10940000FE03000000FE030000000000000000005A
:10941000000000000000000000000000000000004C
:10942000000000000000000000000000000000003C
:10943000000000000000000000000000000000002C
:10944000000000000000000000000000000000001C
:10945000000000000000000000000000000000000C
:1094600000000000000000000000000000000000FC
:1094700000000000000000000000000000000000EC
:1094800000000000000000FF01000000FE030000DB
:1094900080FC07000080FC070000C0F80F0000E01F
:1094A000F00F0000E0F01F0000F0E03F0000F0C00F
:1094B0003F0000F8C07F0000FC807F0000FC80FFC0
:1094C0000000FE00FF0100FF00FE0100FF00FE03A0
:1094D000807F00FC07803F00F807C03F00F80FE0E6
:1094E0001F00F00FE00F00E01FF00F00E03FF0075B
:1094F00000C03FF80700807FFC0300807FFC010074
:1095000000FFFE010000FFFF000000FE7F000000E2
:10951000FC7F000000FC3F000000F81F000000F08E
:109520001F000000F00F000000F00F000000F00F1F
:10953000000000F00F000000F00F000000F00F002E
:109540000000F00F000000F00F000000F00F00001E
:1095500000F00F000000F00F000000F00F0000000E
:10956000F00F000000F00F000000F00F000000F00E
:109570000F000000F00F000000F00F000000F00FDF
:10958000000000F00F000000F00F000000F00F00DE
:109590000000F00F000000F00F00000000000000CD
:1095A00000000000000000000000000000000000BB
:1095B00000000000000000000000000000000000AB
:1095C000000000000000000000000000000000009B
:1095D000000000000000000000000000000000008B
:1095E000000000000000000000000000000000007B
:1095F000000000000000000000000000000000006B
:10960000000000000000000000000000000000005A
:1096100000000000000000E0FFFFFFFFE0FFFFFF91
:10962000FFE0FFFFFFFFE0FFFFFFFFE0FFFFFFFFA7
:10963000E0FFFFFFFFE0FFFFFFFF00000000F8007A
:10964000000000FC00000000FE00000000FF000021
:109650000080FF00000080FF000000C07F000000CD
:10966000E03F000000F01F000000F80F000000FCC9
:109670000F000000FC07000000FE03000000FF01D7
:10968000000080FF000000C07F000000C07F0000DD
:1096900000E03F000000F01F000000F80F00000095
:1096A000FC07000000FE03000000FE03000000FFB6
:1096B00001000080FF000000C07F000000E03F00CC
:1096C0000000E01F000000F01F000000F80F000085
:1096D00000FC07000000FE03000000FF0100000086
:1096E000FF00000080FF000000C07F000000E03F9E
:1096F000000000F01F000000F80F000000F8070055
:109700000000FC07000000FCFFFFFFFFFCFFFFFF65
:10971000FFFCFFFFFFFFFCFFFFFFFFFCFFFFFFFF62
:10972000FCFFFFFFFFFCFFFFFFFF00000000000049
:109730000000000000000000000000000000000029
:109740000000000000000000000000000000000019
:109750000000000000000000000000000000000009
:1097600000000000000000000000000000000000F9
:1097700000000000000000000000000000000000E9
:1097800000000000000000000000000000000000D9
:1097900000000000000000000000000000000000C9
:1097A00000000000000000E0FF0F0000E0FF0F00DD
:1097B00000E0FF0F0000E0FF0F0000E0FF0F0000DF
:1097C000E0FF0F0000E0FF0F0000E00F000000E0EE
:1097D0000F000000E00F000000E00F000000E00FAD
:1097E000000000E00F000000E00F000000E00F00AC
:1097F0000000E00F000000E00F000000E00F00009C
:1098000000E00F000000E00F000000E00F0000008B
:10981000E00F000000E00F000000E00F000000E09B
:109820000F000000E00F000000E00F000000E00F5C
:10983000000000E00F000000E00F000000E00F005B
:109840000000E00F000000E00F000000E00F00004B
:1098500000E00F000000E00F000000E00F0000003B
:10986000E00F000000E00F000000E00F000000E04B
:109870000F000000E00F000000E00F000000E00F0C
:10988000000000E00F000000E00F000000E00F000B
:109890000000E00F000000E00F000000E00F0000FB
:1098A00000E00F000000E00F000000E00F000000EB
:1098B000E00F000000E00F000000E00F000000E0FB
:1098C0000F000000E00F000000E00F000000E00FBC
:1098D000000000E00F000000E00F000000E00F00BB
:1098E0000000E0FF0F0000E0FF0F0000000000009C
:1098F0000000000000000000000000000000000068
:109900000000000000000000000000000000000057
:109910000000000000000000000000000000000047
:109920000000000000000000000000000000000037
:10993000000000000000003F000000003E000000AA
:10994000003E000000007E000000007E00000000DD
:109950007C000000007C00000000FC00000000F81B
:1099600000000000F800000000F801000000F8010D
:10997000000000F001000000F001000000F0030012
:109980000000E003000000E003000000E00700002A
:1099900000E007000000C007000000C00700000052
:1099A000C00F000000800F000000800F000000804A
:1099B0001F000000801F000000001F000000001FAB
:1099C000000000003F000000003E000000003E00DC
:1099D0000000007E000000007E000000007C00000F
:1099E00000007C00000000FC00000000F800000007
:1099F00000F800000000F801000000F8010000007D
:109A0000F001000000F001000000F003000000E0A1
:109A100003000000E003000000E007000000E00792
:109A2000000000C007000000C007000000C00F00D9
:109A30000000800F000000800F000000801F000069
:109A400000801F000000001F000000000000000058
:109A50000000000000000000000000000000000006
:109A600000000000000000000000000000000000F6
:109A700000000000000000000000000000000000E6
:109A800000000000000000000000000000000000D6
:109A900000000000000000000000000000000000C6
:109AA00000000000000000000000000000000000B6
:109AB00000000000000000000000000000000000A6
:109AC00000000000000000FEFF000000FEFF00009C
:109AD00000FEFF000000FEFF000000FEFF0000008F
:109AE000FEFF000000FEFF00000000FE000000007E
:109AF000FE00000000FE00000000FE00000000FE6E
:109B000000000000FE00000000FE00000000FE005B
:109B1000000000FE00000000FE00000000FE00004B
:109B20000000FE00000000FE00000000FE0000003B
:109B300000FE00000000FE00000000FE000000002B
:109B4000FE00000000FE00000000FE00000000FE1D
:109B500000000000FE00000000FE00000000FE000B
:109B6000000000FE00000000FE00000000FE0000FB
:109B70000000FE00000000FE00000000FE000000EB
:109B800000FE00000000FE00000000FE00000000DB
:109B9000FE00000000FE00000000FE00000000FECD
:109BA00000000000FE00000000FE00000000FE00BB
:109BB000000000FE00000000FE00000000FE0000AB
:109BC0000000FE00000000FE00000000FE0000009B
:109BD00000FE00000000FE00000000FE000000008B
:109BE000FE00000000FE00000000FE00000000FE7D
:109BF00000000000FE00000000FE00000000FE006B
:109C00000000FEFF000000FEFF000000000000005A
:109C10000000000000000000000000000000000044
:109C20000000000000000000000000000000000034
:109C30000000000000000000000000000000000024
:109C40000000000000000000000000000000000014
:109C5000000000801F000000801F000000C03F00C7
:109C60000000C03F000000E07F000000E07F000037
:109C700000F0FF000000F0FF000000F0F90100001C
:109C8000F8F9010000F8F9010000FCF0030000FC05
:109C9000F00300007EE00700007EE00700007EE0A9
:109CA0000F00003FC00F00003FC01F00803F801F1B
:109CB00000801F801F00C01F803F00C00F003F00BA
:109CC000E00F007F00E00F007E00E00700FE00F0E4
:109CD0000700FE00F00300FC01F80300FC01F8039C
:109CE00000F801FC0100F803000000000000000083
:109CF0000000000000000000000000000000000064
:109D00000000000000000000000000000000000053
:109D10000000000000000000000000000000000043
:109D20000000000000000000000000000000000033
:109D30000000000000000000000000000000000023
:109D40000000000000000000000000000000000013
:109D50000000000000000000000000000000000003
:109D600000000000000000000000000000000000F3
:109D700000000000000000000000000000000000E3
:109D800000000000000000000000000000000000D3
:109D900000000000000000000000000000000000C3
:109DA00000000000000000000000000000000000B3
:109DB00000000000000000000000000000000000A3
:109DC0000000000000000000000000000000000093
:109DD0000000000000000000000000000000000083
:109DE0000000000000000000000000000000000073
:109DF0000000000000000000000000000000000063
:109E00000000000000000000000000000000000052
:109E10000000000000000000000000000000000042
:109E20000000000000000000000000000000000032
:109E30000000000000000000000000000000000022
:109E40000000000000000000000000000000000012
:109E50000000000000000000000000000000000002
:109E600000000000000000000000000000000000F2
:109E700000000000000000000000000000000000E2
:109E800000000000000000000000000000000000D2
:109E900000000000000000000000000000000000C2
:109EA00000000000000000000000000000000000B2
:109EB00000000000000000000000000000000000A2
:109EC0000000000000000000000000000000000092
:109ED0000000000000000000000000000000000082
:109EE0000000000000000000000000000000000072
:109EF0000000000000000000000000000000000062
:109F00000000000000000000000000000000000051
:109F10000000000000000000000000000000000041
:109F20000000FFFFFFFFFFFFFFFFFFFF000000003B
:109F30000000000000000000000000000000000021
:109F40000000000000000000000000000000000011
:109F50000000000000000000000000000000000001
:109F600000000000000000000000000000000000F1
:109F700000000000000000F01F000000E01F0000D3
:109F800000E03F000000C03F000000807F000000B4
:109F9000007F00000000FE00000000FE0000000046
:109FA000FC00000000F801000000F00100000000CB
:109FB00000000000000000000000000000000000A1
:109FC0000000000000000000000000000000000091
:109FD0000000000000000000000000000000000081
:109FE0000000000000000000000000000000000071
:109FF0000000000000000000000000000000000061
:10A000000000000000000000000000000000000050
:10A010000000000000000000000000000000000040
:10A020000000000000000000000000000000000030
:10A030000000000000000000000000000000000020
:10A040000000000000000000000000000000000010
:10A050000000000000000000000000000000000000
:10A0600000000000000000000000000000000000F0
:10A0700000000000000000000000000000000000E0
:10A0800000000000000000000000000000000000D0
:10A0900000000000000000000000000000000000C0
:10A0A00000000000000000000000000000000000B0
:10A0B00000000000000000000000000000000000A0
:10A0C0000000000000000000000000000000000090
:10A0D0000000000000000000000000000000000080
:10A0E0000000000000000000000000000000000070
:10A0F0000000000000000000000000000000000060
:10A10000000000000000000000000000000000004F
:10A11000000000000000000000000000000000003F
:10A12000000000000000000000000000000000002F
:10A13000000000000000000000000000000000001F
:10A14000000000000000000000000000000000FF10
:10A150000F0000E0FF7F0000FCFFFF0100FEFFFF9B
:10A160000300FFFFFF0780FFFFFF0FC0FFFFFF1F80
:10A17000C0FF00FE1FE03F00F01FE01F00E01FF0E7
:10A180000F00C03FF00700803F800700803F0000C5
:10A1900000803F000000803F000000803F00000082
:10A1A000E03F000000FF3F0000FEFF3F00F0FFFF28
:10A1B0003F00FEFFFF3F00FFFFFF3F80FFFFFF3F2D
:10A1C000C0FFFF9F3FE0FFFF803FF0FF00803FF0B8
:10A1D0001F00803FF80700803FF80700C03FF803EA
:10A1E00000C03FF80300E03FF80300F03FF807002D
:10A1F000F83FF80F00FE3FF03FC0FF3FF0FFFFFFCA
:10A200003FE0FFFFFF3FE0FFFF3F7FC0FFFF0F7F0B
:10A2100080FFFF077F00FEFF01FF00F01F0000002E
:10A22000000000000000000000000000000000002E
:10A23000000000000000000000000000000000001E
:10A24000000000000000000000000000000000000E
:10A2500000000000000000000000000000000000FE
:10A2600000000000000000000000000000000000EE
:10A2700000000000000000000000000000000000DE
:10A2800000000000000000000000000000000000CE
:10A2900000000000000000E00F000000E00F0000E0
:10A2A00000E00F000000E00F000000E00F000000E1
:10A2B000E00F000000E00F000000E00F000000E0F1
:10A2C0000F000000E00F000000E00F000000E00FB2
:10A2D000000000E00F000000E00F000000E00FF8B9
:10A2E0000700E00FFE3F00E00FFFFF00E08FFFFFE1
:10A2F00001E0CFFFFF03E0EFFFFF07E0FFFFFF0FED
:10A30000E0FF07FE1FE0FF01F01FE0FF00E03FE07D
:10A310007F00C03FE03F00807FE01F00807FE01FA4
:10A3200000007FE00F00007FE00F0000FEE00F0064
:10A3300000FEE00F0000FEE0070000FEE007000066
:10A34000FEE0070000FEE0070000FEE0070000FE60
:10A35000E0070000FEE00F0000FEE00F0000FEE05E
:10A360000F0000FEE00F00007FE00F00007FE01F05
:10A3700000807FE01F00803FE03F00C03FE07F00A3
:10A38000E03FE0FF01F81FE0FF07FE0FE0F7FFFFEF
:10A390000FE0E7FFFF07E0E7FFFF03E0C7FFFF0174
:10A3A000E087FF7F00E007FE3F000000F8070000A5
:10A3B000000000000000000000000000000000009D
:10A3C000000000000000000000000000000000008D
:10A3D000000000000000000000000000000000007D
:10A3E000000000000000000000000000000000006D
:10A3F000000000000000000000000000000000005D
:10A40000000000000000000000000000000000004C
:10A41000000000000000000000000000000000003C
:10A42000000000000000000000000000000000002C
:10A43000000000000000000000000000000000001C
:10A44000000000000000000000000000000000000C
:10A4500000000000000000000000000000000000FC
:10A46000000000000000000000000000000000FEEE
:10A47000030000C0FF1F0000F0FF7F0000FCFFFF93
:10A480000000FEFFFF0300FFFFFF0380FFFFFF0749
:10A4900080FF03FE0FC0FF00F80FC03F00E01FE089
:10A4A0001F00E01FE00F00C01FF00F00803FF0070B
:10A4B000008007F007000000F007000000F0030034
:10A4C0000000F803000000F803000000F80300009B
:10A4D00000F803000000F803000000F8030000008B
:10A4E000F803000000F803000000F803000000F08B
:10A4F00007000007F00700803FF00700803FF00FE3
:10A5000000803FE00F00C01FE01F00E01FE03F00A1
:10A51000F01FC0FF00F80F80FF03FE0F80FFFFFF5A
:10A520000700FFFFFF0300FEFFFF0100FCFFFF002D
:10A5300000F0FF7F0000C0FF1F000000FF030000CD
:10A54000000000000000000000000000000000000B
:10A5500000000000000000000000000000000000FB
:10A5600000000000000000000000000000000000EB
:10A5700000000000000000000000000000000000DB
:10A5800000000000000000000000000000000000CB
:10A5900000000000000000000000000000000000BB
:10A5A00000000000000000000000000000000000AB
:10A5B00000000000000000000000803F000000805C
:10A5C0003F000000803F000000803F000000803F0F
:10A5D000000000803F000000803F000000803F003E
:10A5E0000000803F000000803F000000803F00002E
:10A5F00000803F000000803F000000803F00807F1F
:10A60000803F00E0FF833F00F8FF873F00FCFF8FA3
:10A610003F00FFFF9F3F80FFFFBF3F80FFFFFF3FE7
:10A62000C0FF81FF3FE07F00FC3FE03F00F83FE0DC
:10A630001F00F03FF00F00E03FF00700C03FF007C1
:10A6400000C03FF80300803FF80300803FF803009C
:10A65000803FF80300803FF80300803FF80300804C
:10A660003FF80300003FF80300003FF80300003FFD
:10A67000F80300803FF80300803FF80300803FF8B4
:10A680000300803FF80700803FF00700C03FF0075D
:10A6900000C03FF00F00E03FE01F00E03FE03F0060
:10A6A000F03FC07F00FC3FC0FF03FF3F80FFFFFF84
:10A6B0003F00FFFFBF3F00FEFF9F3F00FCFF9F3FAB
:10A6C00000F8FF873F00E0FF833F0000FF0000002D
:10A6D000000000000000000000000000000000007A
:10A6E000000000000000000000000000000000006A
:10A6F000000000000000000000000000000000005A
:10A700000000000000000000000000000000000049
:10A710000000000000000000000000000000000039
:10A720000000000000000000000000000000000029
:10A730000000000000000000000000000000000019
:10A740000000000000000000000000000000000009
:10A7500000000000000000000000000000000000F9
:10A7600000000000000000000000000000000000E9
:10A7700000000000000000000000000000000000D9
:10A78000000000000000000000000000000000FECB
:10A79000030000C0FF1F0000F0FF7F0000FCFFFF70
:10A7A0000100FEFFFF0300FFFFFF0780FFFFFF0F19
:10A7B00080FF03FE0FC07F00F01FE03F00E01FE0BE
:10A7C0001F00803FE00F00803FF00700007FF00790
:10A7D00000007FF00300007FF80300007EF8FFFF19
:10A7E000FFFFF8FFFFFFFFF8FFFFFFFFF8FFFFFF8E
:10A7F000FFF8FFFFFFFFF8FFFFFFFFF8FFFFFFFF7E
:10A80000F803000000F803000000F803000000F85F
:10A8100003000000F007000000F007000000F00F48
:10A8200000000FF00F00007FE01F00807FE03F007E
:10A83000C07FC0FF00F03FC0FF03FC3F80FFFFFF71
:10A840001F00FFFFFF0F00FEFFFF0700FCFFFF03DD
:10A8500000F0FFFF0000C0FF3F000000FE07000007
:10A8600000000000000000000000000000000000E8
:10A8700000000000000000000000000000000000D8
:10A8800000000000000000000000000000000000C8
:10A8900000000000000000000000000000000000B8
:10A8A00000000000000000000000000000000000A8
:10A8B0000000000000000000000000000000000098
:10A8C0000000000000000000000000000000000088
:10A8D000000000C07F000000F8FF000000FCFF0047
:10A8E0000000FEFF000000FFFF000000FFFF00006F
:10A8F00000FFFF000080FF000000807F000000805C
:10A900003F000000803F000000803F000000803FCB
:10A91000000000803F000000803F000000803F00FA
:10A920000000FEFF3F0000FEFF3F0000FEFF3F0073
:10A9300000FEFF3F0000FEFF3F0000FEFF3F000063
:10A94000FEFF3F0000803F000000803F00000080CD
:10A950003F000000803F000000803F000000803F7B
:10A96000000000803F000000803F000000803F00AA
:10A970000000803F000000803F000000803F00009A
:10A9800000803F000000803F000000803F0000008A
:10A99000803F000000803F000000803F00000080FA
:10A9A0003F000000803F000000803F000000803F2B
:10A9B000000000803F000000803F000000803F005A
:10A9C0000000803F000000803F000000803F00004A
:10A9D00000803F000000803F000000803F0000003A
:10A9E000803F000000803F000000000000000000E9
:10A9F0000000000000000000000000000000000057
:10AA00000000000000000000000000000000000046
:10AA10000000000000000000000000000000000036
:10AA20000000000000000000000000000000000026
:10AA30000000000000000000000000000000000016
:10AA40000000000000000000000000000000000006
:10AA500000000000000000000000000000000000F6
:10AA600000000000000000000000000000000000E6
:10AA700000000000000000000000000000000000D6
:10AA800000000000000000000000000000000000C6
:10AA900000000000000000000000000000000000B6
:10AAA000000000000000000000000000000080FF27
:10AAB000000000E0FF033F00F8FF0F3F00FCFF1F16
:10AAC0003F00FFFF3F3F00FFFFFF3F80FFFFFF3FD3
:10AAD000C0FF81FF3FE07F00FC3FE03F00F83FE028
:10AAE0001F00F03FF00F00E03FF00700C03FF0070D
:10AAF00000C03FF80300803FF80300803FF80300E8
:10AB0000803FF80300803FF80300003FF803000097
:10AB10003FF80100003FF80300003FF80300003F4A
:10AB2000F80300803FF80300803FF80300803FF8FF
:10AB30000300803FF80700C03FF00700C03FF00F60
:10AB400000E03FF00F00E03FE01F00F03FE07F003B
:10AB5000FC3FC0FF01FF3F80FFFFFF3F00FFFFFF03
:10AB60003F00FFFFFF3F00FEFFBF3F00F8FF8F3FAA
:10AB700000F0FF873F0080FF803F000000803F0023
:10AB80000000803F000000801F700000C01FF00721
:10AB900000C01FF00700E01FF00F00F00FE01F00E3
:10ABA000F80FE0FF00FF0FE0FFFFFF0700000000CD
:10ABB0000000000000000000000000000000000095
:10ABC0000000000000000000000000000000000085
:10ABD0000000000000000000000000000000000075
:10ABE0000000000000000000000000000000000065
:10ABF00000000000000000E00F000000E00F000077
:10AC000000E00F000000E00F000000E00F00000077
:10AC1000E00F000000E00F000000E00F000000E087
:10AC20000F000000E00F000000E00F000000E00F48
:10AC3000000000E00F000000E00F000000E00FF057
:10AC40001F00E00FFE7F00E00FFFFF01E08FFFFF1E
:10AC500003E0CFFFFF07E0EFFFFF0FE0FFFFFF0F75
:10AC6000E0FF07FC1FE0FF01F01FE07F00E01FE0B6
:10AC70003F00C01FE03F00C03FE01F00C03FE01F9B
:10AC800000803FE01F00803FE00F00803FE00F00AA
:10AC9000803FE00F00803FE00F00803FE00F00802A
:10ACA0003FE00F00803FE00F00803FE00F00803F5B
:10ACB000E00F00803FE00F00803FE00F00803FE0AA
:10ACC0000F00803FE00F00803FE00F00803FE00F6B
:10ACD00000803FE00F00803FE00F00803FE00F006A
:10ACE000803FE00F00803FE00F00803FE00F0080DA
:10ACF0003FE00F00803FE00F00803FE00F00803F0B
:10AD0000E00F00803FE00F00803F000000000000E7
:10AD10000000000000000000000000000000000033
:10AD20000000000000000000000000000000000023
:10AD30000000000000000000000000000000000013
:10AD40000000000000000000000000000000000003
:10AD500000000000000000000000000000000000F3
:10AD600000000000000000000000000000000000E3
:10AD700000000000000000000000000000000000D3
:10AD800000000000000000E00F000000E00F0000E5
:10AD900000E00F000000E00F000000E00F000000E6
:10ADA000E00F000000E00F000000000000000000C5
:10ADB0000000000000000000000000000000000093
:10ADC0000000000000000000000000000000000083
:10ADD0000000E00F000000E00F000000E00F0000A6
:10ADE00000E00F000000E00F000000E00F00000096
:10ADF000E00F000000E00F000000E00F000000E0A6
:10AE00000F000000E00F000000E00F000000E00F66
:10AE1000000000E00F000000E00F000000E00F0065
:10AE20000000E00F000000E00F000000E00F000055
:10AE300000E00F000000E00F000000E00F00000045
:10AE4000E00F000000E00F000000E00F000000E055
:10AE50000F000000E00F000000E00F000000E00F16
:10AE6000000000E00F000000E00F000000E00F0015
:10AE70000000E00F000000E00F000000E00F000005
:10AE800000E00F000000E00F000000E00F000000F5
:10AE9000E00F000000E00F000000000000000000D4
:10AEA00000000000000000000000000000000000A2
:10AEB0000000000000000000000000000000000092
:10AEC0000000000000000000000000000000000082
:10AED0000000000000000000000000000000000072
:10AEE0000000000000000000000000000000000062
:10AEF0000000000000000000000000000000000052
:10AF00000000000000000000000000000000000041
:10AF100000000000000000E00F000000E00F000053
:10AF200000E00F000000E00F000000E00F00000054
:10AF3000E00F000000E00F00000000000000000033
:10AF40000000000000000000000000000000000001
:10AF500000000000000000000000000000000000F1
:10AF60000000E00F000000E00F000000E00F000014
:10AF700000E00F000000E00F000000E00F00000004
:10AF8000E00F000000E00F000000E00F000000E014
:10AF90000F000000E00F000000E00F000000E00FD5
:10AFA000000000E00F000000E00F000000E00F00D4
:10AFB0000000E00F000000E00F000000E00F0000C4
:10AFC00000E00F000000E00F000000E00F000000B4
:10AFD000E00F000000E00F000000E00F000000E0C4
:10AFE0000F000000E00F000000E00F000000E00F85
:10AFF000000000E00F000000E00F000000E00F0084
:10B000000000E00F000000E00F000000E00F000073
:10B0100000E00F000000E00F000000E00F00000063
:10B02000E00F000000E00F000000E00F000000E073
:10B030000F000000E00F000000E00F000000E00F34
:10B04000000000E00F000000E00F000000F00F0023
:10B050000000F807000000FF0700000000000000EB
:10B0600000000000000000000000000000000000E0
:10B0700000000000000000000000000000000000D0
:10B0800000000000000000000000000000000000C0
:10B0900000000000000000000000000000000000B0
:10B0A00000000000000000E00F000000E00F0000C2
:10B0B00000E00F000000E00F000000E00F000000C3
:10B0C000E00F000000E00F000000E00F000000E0D3
:10B0D0000F000000E00F000000E00F000000E00F94
:10B0E000000000E00F000000E00F000000E00F0093
:10B0F0000000E00F00F01FE00F00F80FE00F00FC71
:10B1000007E00F00FE01E00F00FF00E00F807F006E
:10B11000E00FC03F00E00FE01F00E00FF00F00E085
:10B120000FF80700E00FFC0300E00FFE0100E00F46
:10B13000FF0000E08F7F0000E0CF3F0000E0EF3F26
:10B140000000E0FF7F0000E0FF7F0000E0FFFF0065
:10B1500000E0FFFF0100E0FFFC0300E07FFC0300D4
:10B16000E03FF80700E01FF00F00E00FF00F00E0F5
:10B170000FE01F00E00FC03F00E00FC03F00E00FF6
:10B18000807F00E00F00FF00E00F00FF00E00F00F5
:10B19000FE01E00F00FC03E00F00FC03E00F00F8ED
:10B1A00007E00F00F80FE00F00F00FE00F00E01FC6
:10B1B000E00F00E03FE00F00C03F00000000000093
:10B1C000000000000000000000000000000000007F
:10B1D000000000000000000000000000000000006F
:10B1E000000000000000000000000000000000005F
:10B1F000000000000000000000000000000000004F
:10B20000000000000000000000000000000000003E
:10B21000000000000000000000000000000000002E
:10B22000000000000000000000000000000000001E
:10B2300000000000000000E00F000000E00F000030
:10B2400000E00F000000E00F000000E00F00000031
:10B25000E00F000000E00F000000E00F000000E041
:10B260000F000000E00F000000E00F000000E00F02
:10B27000000000E00F000000E00F000000E00F0001
:10B280000000E00F000000E00F000000E00F0000F1
:10B2900000E00F000000E00F000000E00F000000E1
:10B2A000E00F000000E00F000000E00F000000E0F1
:10B2B0000F000000E00F000000E00F000000E00FB2
:10B2C000000000E00F000000E00F000000E00F00B1
:10B2D0000000E00F000000E00F000000E00F0000A1
:10B2E00000E00F000000E00F000000E00F00000091
:10B2F000E00F000000E00F000000E00F000000E0A1
:10B300000F000000E00F000000E00F000000E00F61
:10B31000000000E00F000000E00F000000E00F0060
:10B320000000E00F000000E00F000000E00F000050
:10B3300000E00F000000E00F000000E00F00000040
:10B34000E00F000000E00F0000000000000000001F
:10B3500000000000000000000000000000000000ED
:10B3600000000000000000000000000000000000DD
:10B3700000000000000000000000000000000000CD
:10B3800000000000000000000000000000000000BD
:10B3900000000000000000000000000000000000AD
:10B3A000000000000000000000000000000000009D
:10B3B000000000000000000000000000000000008D
:10B3C000000000000000000000000000000000007D
:10B3D000000000000000000000000000000000006D
:10B3E000000000000000000000000000000000005D
:10B3F000000000000000000000000000000000004D
:10B40000000000000000000000000000000000F04C
:10B410000F00E007FE3F00E007FF7F00E087FFFF2F
:10B4200081E0C7FFFFC1E0E7FFFFE3E0F7FFFFF3C5
:10B43000E0FF07FEFFE0FF01F8FFE07F00F07FE0A4
:10B440003F00F03FE03F00E03FE01F00E01FE01F53
:10B4500000E01FE01F00E01FE00F00E00FE00F0022
:10B46000E00FE00F00E00FE00F00E00FE00F00E062
:10B470000FE00F00E00FE00F00E00FE00F00E00F23
:10B48000E00F00E00FE00F00E00FE00F00E00FE042
:10B490000F00E00FE00F00E00FE00F00E00FE00F03
:10B4A00000E00FE00F00E00FE00F00E00FE00F0002
:10B4B000E00FE00F00E00FE00F00E00FE00F00E012
:10B4C0000FE00F00E00FE00F00E00FE00F00E00FD3
:10B4D000E00F00E00FE00F00E00F000000000000B0
:10B4E000000000000000000000000000000000005C
:10B4F000000000000000000000000000000000004C
:10B50000000000000000000000000000000000003B
:10B51000000000000000000000000000000000002B
:10B52000000000000000000000000000000000001B
:10B53000000000000000000000000000000000000B
:10B5400000000000000000000000000000000000FB
:10B5500000000000000000000000000000000000EB
:10B5600000000000000000000000000000000000DB
:10B5700000000000000000000000000000000000CB
:10B5800000000000000000000000000000000000BB
:10B59000000000000000000000000000000000F8B3
:10B5A0000F00E007FE7F00E087FFFF01E0C7FFFF1D
:10B5B00003E0E7FFFF07E0F7FFFF0FE0FFFFFF0FEC
:10B5C000E0FF07FE1FE0FF01F01FE07F00E01FE04B
:10B5D0003F00C01FE03F00C03FE01F00C03FE01F32
:10B5E00000803FE01F00803FE00F00803FE00F0041
:10B5F000803FE00F00803FE00F00803FE00F0080C1
:10B600003FE00F00803FE00F00803FE00F00803FF1
:10B61000E00F00803FE00F00803FE00F00803FE040
:10B620000F00803FE00F00803FE00F00803FE00F01
:10B6300000803FE00F00803FE00F00803FE00F0000
:10B64000803FE00F00803FE00F00803FE00F008070
:10B650003FE00F00803FE00F00803FE00F00803FA1
:10B66000E00F00803FE00F00803F0000000000007E
:10B6700000000000000000000000000000000000CA
:10B6800000000000000000000000000000000000BA
:10B6900000000000000000000000000000000000AA
:10B6A000000000000000000000000000000000009A
:10B6B000000000000000000000000000000000008A
:10B6C000000000000000000000000000000000007A
:10B6D000000000000000000000000000000000006A
:10B6E000000000000000000000000000000000005A
:10B6F000000000000000000000000000000000004A
:10B700000000000000000000000000000000000039
:10B710000000000000000000000000000000000029
:10B72000000000000000000000000000000000FF1A
:10B73000030000E0FF1F0000F8FF7F0000FCFFFF98
:10B740000100FEFFFF0300FFFFFF0780FFFFFF0F69
:10B75000C0FF03FE1FC07F00F81FE03F00E03FE096
:10B760001F00C03FF00F00807FF00700807FF007D0
:10B7700000007FF8070000FFF8030000FEF8030058
:10B7800000FEF8030000FEF8030000FEF8030000CE
:10B79000FEF8030000FEF8030000FEF8030000FEC0
:10B7A000F8030000FEF8030000FEF8030000FEF8B6
:10B7B000030000FEF8070000FFF00700007FF0071D
:10B7C00000807FF00F00807FE01F00C03FE03F005F
:10B7D000E03FC07F00F81FC0FF03FE1F80FFFFFF98
:10B7E0000F00FFFFFF0700FEFFFF0300FCFFFF014C
:10B7F00000F8FF7F0000E0FF1F000000FF030000D3
:10B800000000000000000000000000000000000038
:10B810000000000000000000000000000000000028
:10B820000000000000000000000000000000000018
:10B830000000000000000000000000000000000008
:10B8400000000000000000000000000000000000F8
:10B8500000000000000000000000000000000000E8
:10B8600000000000000000000000000000000000D8
:10B8700000000000000000000000000000000000C8
:10B8800000000000000000000000000000000000B8
:10B8900000000000000000000000000000000000A8
:10B8A0000000000000000000000000000000000098
:10B8B000000000000000000000000000000000F890
:10B8C0000700E007FE3F00E007FFFF00E0C7FFFFC3
:10B8D00001E0C7FFFF03E0E7FFFF07E0F7FFFF0F0F
:10B8E000E0FF07FE1FE0FF01F81FE0FF00E03FE080
:10B8F0007F00C03FE03F00807FE01F00807FE01FAF
:10B9000000007FE00F00007FE00F0000FEE00F006E
:10B9100000FEE0070000FEE0070000FEE007000078
:10B92000FEE0070000FEE0070000FEE0070000FE6A
:10B93000E0070000FEE0070000FEE00F0000FEE070
:10B940000F00007EE00F00007FE00F00007FE01F8F
:10B9500000807FE01F00803FE03F00C03FE07F00AD
:10B96000E01FE0FF01F81FE0FF07FE0FE0FFFFFF11
:10B970000FE0FFFFFF07E0EFFFFF03E0CFFFFF0156
:10B98000E08FFF7F00E00FFE1F00E00FF80700E0F0
:10B990000F000000E00F000000E00F000000E00FCB
:10B9A000000000E00F000000E00F000000E00F00CA
:10B9B0000000E00F000000E00F00000000000000A9
:10B9C0000000000000000000000000000000000077
:10B9D0000000000000000000000000000000000067
:10B9E0000000000000000000000000000000000057
:10B9F0000000000000000000000000000000000047
:10BA00000000000000000000000000000000000036
:10BA10000000000000000000000000000000000026
:10BA20000000000000000000000000000000000016
:10BA30000000000000000000000000000000000006
:10BA40000000000000000000000000000000807FF7
:10BA5000000000E0FF833F00F8FF873F00FCFF8FFE
:10BA60003F00FFFF9F3F80FFFFBF3F80FFFFFF3F83
:10BA7000C0FF81FF3FE07F00FE3FE03F00F83FE076
:10BA80001F00F03FF00F00E03FF00700E03FF0073D
:10BA900000C03FF80700C03FF80300803FF80300F4
:10BAA000803FF80300803FF80300803FF8030080E8
:10BAB0003FF80300803FF80300803FF80300803F19
:10BAC000F80300803FF80300803FF80300803FF850
:10BAD0000300803FF00700803FF00700C03FF00701
:10BAE00000C03FF00F00E03FE01F00F03FE03F00EC
:10BAF000F83FC07F00FC3F80FF03FF3F80FFFFFF58
:10BB00003F00FFFFFF3F00FEFF9F3F00FCFF8F3F16
:10BB100000F0FF873F00E0FF833F00007F803F0091
:10BB20000000803F000000803F000000803F0000D8
:10BB300000803F000000803F000000803F000000C8
:10BB4000803F000000803F000000803F00000000B8
:10BB500000000000000000000000000000000000E5
:10BB600000000000000000000000000000000000D5
:10BB700000000000000000000000000000000000C5
:10BB800000000000000000000000000000000000B5
:10BB900000000000000000000000000000000000A5
:10BBA0000000000000000000000000000000000095
:10BBB0000000000000000000000000000000000085
:10BBC0000000000000000000000000000000000075
:10BBD0000000000000000000000000000000007EE7
:10BBE0000000E007FF0300E0C7FF0700E0C7FF0712
:10BBF00000E0E7FF0300E0F7FF0300E0FFFF0100C4
:10BC0000E0FFC10100E0FF000000E07F000000E075
:10BC10003F000000E01F000000E01F000000E01FE8
:10BC2000000000E01F000000E00F000000E00F0037
:10BC30000000E00F000000E00F000000E00F000037
:10BC400000E00F000000E00F000000E00F00000027
:10BC5000E00F000000E00F000000E00F000000E037
:10BC60000F000000E00F000000E00F000000E00FF8
:10BC7000000000E00F000000E00F000000E00F00F7
:10BC80000000E00F000000E00F000000E00F0000E7
:10BC900000E00F000000E00F000000E00F000000D7
:10BCA000E00F000000E00F000000000000000000B6
:10BCB0000000000000000000000000000000000084
:10BCC0000000000000000000000000000000000074
:10BCD0000000000000000000000000000000000064
:10BCE0000000000000000000000000000000000054
:10BCF0000000000000000000000000000000000044
:10BD00000000000000000000000000000000000033
:10BD10000000000000000000000000000000000023
:10BD20000000000000000000000000000000000013
:10BD30000000000000000000000000000000000003
:10BD400000000000000000000000000000000000F3
:10BD500000000000000000000000000000000000E3
:10BD60000000000000000000000000000000C0FF14
:10BD7000000000F8FF070000FEFF1F0080FFFF3FEC
:10BD800000C0FFFF7F00C0FFFFFF00E0FFFFFF01DB
:10BD9000E03F80FF01F00F00FE03F00700FC03F01E
:10BDA0000300F803F00300F803F007007000F00749
:10BDB000000000F01F000000F0FF010000E0FF1F86
:10BDC0000000E0FFFF0100C0FFFF0F0080FFFF3F0A
:10BDD0000000FFFFFF0000FCFFFF0100F0FFFF037A
:10BDE0000080FFFF070000F8FF07000080FF0F0042
:10BDF0000000F80F000000F00FC00300E00FF80390
:10BE000000E00FF80300E00FF80700E00FF80F0064
:10BE1000F007F01F00F807F0FF00FF07E0FFFFFF4B
:10BE200003C0FFFFFF01C0FFFFFF0000FFFF7F0017
:10BE300000FEFF3F0000F8FF0F0000C0FF01000000
:10BE400000000000000000000000000000000000F2
:10BE500000000000000000000000000000000000E2
:10BE600000000000000000000000000000000000D2
:10BE700000000000000000000000000000000000C2
:10BE800000000000000000000000000000000000B2
:10BE900000000000000000000000000000000000A2
:10BEA0000000000000000000000000000000000092
:10BEB0000000000000000000000000000010000072
:10BEC00000001C000000001E000000801F00000099
:10BED000C01F000000C01F000000C01F000000C005
:10BEE0001F000000C01F000000C01F000000C01F96
:10BEF000000000C01F000000C01F000000C01F00A5
:10BF00000000FEFF0F0000FEFF0F0000FEFF0F000D
:10BF100000FEFF0F0000FEFF0F0000FEFF0F0000FD
:10BF2000FEFF0F0000C01F000000C01F000000C087
:10BF30001F000000C01F000000C01F000000C01F45
:10BF4000000000C01F000000C01F000000C01F0054
:10BF50000000C01F000000C01F000000C01F000044
:10BF600000C01F000000C01F000000C01F00000034
:10BF7000C01F000000C01F000000C01F000000C064
:10BF80001F000000C01F000000C01F000000C01FF5
:10BF9000000000C01F000000C01F000000C01F0004
:10BFA0000000C01F000000C03F000000C0FF0F00E5
:10BFB0000080FF0F000080FF0F000080FF0F0000D7
:10BFC00000FF0F000000FE0F000000F80F0000004F
:10BFD0000000000000000000000000000000000061
:10BFE0000000000000000000000000000000000051
:10BFF0000000000000000000000000000000000041
:10C000000000000000000000000000000000000030
:10C010000000000000000000000000000000000020
:10C020000000000000000000000000000000000010
:10C030000000000000000000000000000000000000
:10C0400000000000000000000000000000000000F0
:10C0500000000000000000000000000000000000E0
:10C0600000000000000000000000000000000000D0
:10C0700000000000000000000000000000000000C0
:10C0800000000000000000000000000000000000B0
:10C090000000E00F00801FE00F00801FE00F008015
:10C0A0001FE00F00801FE00F00801FE00F00801FC7
:10C0B000E00F00801FE00F00801FE00F00801FE0F6
:10C0C0000F00801FE00F00801FE00F00801FE00FB7
:10C0D00000801FE00F00801FE00F00801FE00F00B6
:10C0E000801FE00F00801FE00F00801FE00F008026
:10C0F0001FE00F00801FE00F00801FE00F00801F77
:10C10000E00F00801FE00F00801FE00F00C01FE065
:10C110000F00C01FE00F00C01FE00F00C01FE00FA6
:10C1200000E01FE01F00E01FE01F00F01FC03F0005
:10C13000F81FC07F00FC1FC0FF81FF1F80FFFFBFF3
:10C140001F80FFFFBF1F00FFFF9F1F00FEFF8F1F0D
:10C1500000FCFF871F00F0FF811F00C07F00000070
:10C1600000000000000000000000000000000000CF
:10C1700000000000000000000000000000000000BF
:10C1800000000000000000000000000000000000AF
:10C19000000000000000000000000000000000009F
:10C1A000000000000000000000000000000000008F
:10C1B000000000000000000000000000000000007F
:10C1C000000000000000000000000000000000006F
:10C1D000000000000000000000000000000000005F
:10C1E000000000000000000000000000000000004F
:10C1F000000000000000000000000000000000003F
:10C20000000000000000000000000000000000002E
:10C21000000000000000000000000000000000001E
:10C220000000FE0100803FFC0100803FFC0100C0D7
:10C230001FFC0300C01FF80300C00FF80300E00F4D
:10C24000F00700E00FF00700F007F00700F007E04C
:10C250000F00F007E00F00F803E01F00F803C01F15
:10C2600000F801C01F00FC01803F00FC01803F007E
:10C27000FC00803F00FE00007F007E00007F007F0A
:10C280000000FE007F0000FE003F0000FE803F0037
:10C2900000FC813F0000FC811F0000FCC11F00006A
:10C2A000F8C30F0000F8C30F0000F0E30F0000F028
:10C2B000E7070000F0E7070000E0F7070000E0FFF5
:10C2C000030000E0FF030000C0FF010000C0FF0109
:10C2D000000080FF01000080FF00000080FF0000E0
:10C2E0000000FF000000007F0000000000000000D0
:10C2F000000000000000000000000000000000003E
:10C30000000000000000000000000000000000002D
:10C31000000000000000000000000000000000001D
:10C32000000000000000000000000000000000000D
:10C3300000000000000000000000000000000000FD
:10C3400000000000000000000000000000000000ED
:10C3500000000000000000000000000000000000DD
:10C3600000000000000000000000000000000000CD
:10C3700000000000000000000000000000000000BD
:10C3800000000000000000000000000000000000AD
:10C39000000000000000000000000000000000009D
:10C3A000000000000000000000000000000000008D
:10C3B0000000FF00007F00FE0000FF00FE0000FF05
:10C3C00000FE0080FF00FC0180FF00FC0180FF01F7
:10C3D000FC01C0FF01F801C0FF01F803C0FF01F834
:10C3E00003C0FF03F803E0F703F003E0F703F007EF
:10C3F000E0F703F007E0F307E007F0E307E00FF0F2
:10C40000E307E00FF0E307E00FF0E10FC00FF8C122
:10C410000FC01FF8C10FC01FF8C10F801FFCC01F45
:10C42000801FFC801F803FFC801F003F7C801F001E
:10C430003F7E803F003F7E003F007F7E003F007ECA
:10C440003E003F007E3F00FF007E3F00FE00FC3FBD
:10C4500000FE00FC1F00FE00FC1F00FE00F81F0095
:10C46000FC00F81F00FC00F80F00FC00F80F00F8BB
:10C4700000F00F00F800F00F00F8000000000000CE
:10C4800000000000000000000000000000000000AC
:10C49000000000000000000000000000000000009C
:10C4A000000000000000000000000000000000008C
:10C4B000000000000000000000000000000000007C
:10C4C000000000000000000000000000000000006C
:10C4D000000000000000000000000000000000005C
:10C4E000000000000000000000000000000000004C
:10C4F000000000000000000000000000000000003C
:10C50000000000000000000000000000000000002B
:10C51000000000000000000000000000000000001B
:10C52000000000000000000000000000000000000B
:10C5300000000000000000000000000000000000FB
:10C540000000FC0300F80FF80700F807F80700FCEC
:10C5500003F00F00FE01E01F00FE01E01F00FF00DE
:10C56000C03F807F00807F807F00807FC03F0000D1
:10C57000FFE01F0000FEF01F0000FEF10F0000FCB6
:10C58000F9070000F8FF070000F8FF030000F0FFC4
:10C59000010000E0FF010000E0FF000000C07F009C
:10C5A0000000C07F000000C0FF000000E0FF0000AE
:10C5B00000F0FF010000F0FF030000F8FF0300009F
:10C5C000FCFB070000FCF10F0000FEF10F0000FF74
:10C5D000E01F00007FC03F00807FC03F00C03F8061
:10C5E0007F00C03F00FF00E01F00FF00F00F00FED3
:10C5F00001F80F00FC03F80700FC03FC0300F80738
:10C60000FE0300F80FFE0100F00F00000000000024
:10C61000000000000000000000000000000000001A
:10C62000000000000000000000000000000000000A
:10C6300000000000000000000000000000000000FA
:10C6400000000000000000000000000000000000EA
:10C6500000000000000000000000000000000000DA
:10C6600000000000000000000000000000000000CA
:10C6700000000000000000000000000000000000BA
:10C6800000000000000000000000000000000000AA
:10C69000000000000000000000000000000000009A
:10C6A000000000000000000000000000000000008A
:10C6B000000000000000000000000000000000007A
:10C6C000000000000000000000000000000000006A
:10C6D0000000FE0100C00FFC0100E00FFC0100E0C3
:10C6E0000FFC0300E007F80300F007F80300F00771
:10C6F000F80700F003F00700F803F00700F803E084
:10C700000F00FC01E00F00FC01E00F00FC00C01F67
:10C7100000FE00C01F00FE00C01F007E00803F0022
:10C720007F00803F007F00003F003F00007F803F90
:10C7300000007F803F00007E801F0000FEC01F00C1
:10C7400000FEC00F0000FCC00F0000FCE10F000065
:10C75000F8E1070000F8E1070000F8F3070000F037
:10C76000F3030000F0F3030000F0FF030000E0FF1C
:10C77000010000E0FF010000C0FF000000C0FF005A
:10C780000000C0FF000000807F000000807F0000EC
:10C7900000807F000000003F000000803F0000009C
:10C7A000803F000000801F000000C01F000000C08C
:10C7B0000F000000C00F000000E00F000000F007B5
:10C7C000000000FC070000F0FF0300000000000074
:10C7D0000000000000000000000000000000000059
:10C7E0000000000000000000000000000000000049
:10C7F0000000000000000000000000000000000039
:10C800000000000000000000000000000000000028
:10C810000000000000000000000000000000000018
:10C820000000000000000000000000000000000008
:10C8300000000000000000000000000000000000F8
:10C8400000000000000000000000000000000000E8
:10C8500000000000000000000000000000000000D8
:10C860000000F8FFFFFF07F8FFFFFF07F8FFFFFFDB
:10C8700007F8FFFFFF07F8FFFFFF07F8FFFFFF07BD
:10C88000F8FFFFFF07000000FE03000000FE0100AC
:10C890000000FF000000807F000000C03F0000009B
:10C8A000E01F000000F01F000000F80F000000FC77
:10C8B00007000000FE03000000FF01000080FF00F1
:10C8C0000000C07F000000E03F000000E01F00000B
:10C8D00000F00F000000F807000000FC0700000057
:10C8E000FE03000000FF01000080FF000000C07F89
:10C8F000000000E03F000000F01F000000F80F0003
:10C900000000FC07000000FCFFFFFF1FFCFFFFFF13
:10C910001FFCFFFFFF1FFCFFFFFF1FFCFFFFFF1FB0
:10C92000FCFFFFFF1FFCFFFFFF1F000000000000D7
:10C9300000000000000000000000000000000000F7
:10C9400000000000000000000000000000000000E7
:10C9500000000000000000000000000000000000D7
:10C9600000000000000000000000000000000000C7
:10C9700000000000000000000000000000000000B7
:10C9800000000000000000000000000000000000A7
:10C990000000000000000000000000000000000097
:10C9A00000000000FE00000080FF000000E0FF002B
:10C9B0000000E0FF000000F0FF000000F8FF0000B2
:10C9C00000F8FF000000F807000000F80300000076
:10C9D000FC01000000FC01000000FC01000000FC64
:10C9E00001000000FC00000000FC00000000FC0052
:10C9F000000000FC00000000FC00000000FC000043
:10CA00000000FC00000000FC00000000FC00000032
:10CA100000FC00000000FC00000000FC0000000022
:10CA2000FC00000000FC00000000FE000000007E92
:10CA3000000000007F000000807F000000E03F0059
:10CA40000000FC1F000000FC0F000000FC030000C1
:10CA500000FC01000000FC07000000FC0F000000CB
:10CA6000FC1F000000E03F000000803F00000000CD
:10CA70007F000000007E00000000FE00000000FEBD
:10CA800000000000FC00000000FC00000000FC00B2
:10CA9000000000FC00000000FC00000000FC0000A2
:10CAA0000000FC00000000FC00000000FC00000092
:10CAB00000FC00000000FC00000000FC0000000082
:10CAC000FC01000000FC01000000FC01000000FC73
:10CAD00001000000FC01000000FC01000000F80360
:10CAE000000000F807000000F8FF00000000000050
:10CAF0000000000000000000000000000000000036
:10CB00000000000000000000000000000000000025
:10CB10000000000000000000000000000000000015
:10CB20000000000000000000000000000000000005
:10CB300000000000000000801F000000801F0000B7
:10CB400000801F000000801F000000801F00000008
:10CB5000801F000000801F000000801F0000008078
:10CB60001F000000801F000000801F000000801FC9
:10CB7000000000801F000000801F000000801F00D8
:10CB80000000801F000000801F000000801F0000C8
:10CB900000801F000000801F000000801F000000B8
:10CBA000801F000000801F000000801F0000008028
:10CBB0001F000000801F000000801F000000801F79
:10CBC000000000801F000000801F000000801F0088
:10CBD0000000801F000000801F000000801F000078
:10CBE00000801F000000801F000000801F00000068
:10CBF000801F000000801F000000801F00000080D8
:10CC00001F000000801F000000801F000000801F28
:10CC1000000000801F000000801F000000801F0037
:10CC20000000801F000000801F000000801F000027
:10CC300000801F000000801F000000801F00000017
:10CC4000801F000000801F000000801F0000008087
:10CC50001F000000801F000000801F000000801FD8
:10CC6000000000801F000000801F000000801F00E7
:10CC70000000801F000000801F0000000000000076
:10CC800000000000000000000000000000000000A4
:10CC90000000000000000000000000000000000094
:10CCA0000000000000000000000000000000000084
:10CCB0000000000000000000000000000000000074
:10CCC0000000FC01000000FC07000000FC1F000049
:10CCD00000FC3F000000FC3F000000FC7F00000063
:10CCE000FC7F000000807F00000000FF00000000CB
:10CCF000FE00000000FE00000000FE00000000FE3C
:10CD000000000000FE00000000FC00000000FC002D
:10CD1000000000FC00000000FC00000000FC00001F
:10CD20000000FC00000000FC00000000FC0000000F
:10CD300000FC00000000FC00000000FC00000000FF
:10CD4000FC01000000FC01000000FC01000000F8F4
:10CD500003000000F803000000F807000000F01FC7
:10CD6000000000E0FF000000C0FF00000000FF0026
:10CD7000000000FE00000000FF000000C0FF0000F7
:10CD800000E0FF000000F01F000000F007000000BE
:10CD9000F803000000F801000000FC01000000FCA6
:10CDA00001000000FC00000000FC00000000FC008E
:10CDB000000000FC00000000FC00000000FC00007F
:10CDC0000000FC00000000FC00000000FC0000006F
:10CDD00000FC00000000FC00000000FC000000005F
:10CDE000FC00000000FC00000000FC00000000FE51
:10CDF00000000000FE00000000FE00000000FF0038
:10CE00000000807F000000FC7F00000000000000A8
:10CE10000000000000000000000000000000000012
:10CE20000000000000000000000000000000000002
:10CE300000000000000000000000000000000000F2
:10CE400000000000000000000000000000000000E2
:10CE500000000000000000000000000000000000D2
:10CE600000000000000000000000000000000000C2
:10CE700000000000000000000000000000000000B2
:10CE800000000000000000000000000000000000A2
:10CE90000000000000000000000000000000000092
:10CEA0000000000000000000000000000000000082
:10CEB0000000000000000000000000000000000072
:10CEC000000000000000FC01000000FF0F000080D7
:10CED000FF3F0000C0FFFF0080E0FFFF03C0F0FF46
:10CEE000FF07F0F0FFFF3FFCF807FFFFFFF800FC33
:10CEF000FFFF7800F0FFFF3800C0FF7F180080FFC1
:10CF00003F180000FE1F080000F0070000000000AE
:10CF10000000000000000000000000000000000011
:10CF20000000000000000000000000000000000001
:10CF300000000000000000000000000000000000F1
:10CF400000000000000000000000000000000000E1
:10CF500000000000000000000000000000000000D1
:10CF600000000000000000000000000000000000C1
:10CF700000000000000000000000000000000000B1
:10CF800000000000000000000000000000000000A1
:10CF90000000000000000000000000000000000091
:10CFA000010203042522201E1C191817161514123D
:10CFB000100F0E0D0B090705030303030202020104
:10CFC000010100FDFBFAF9F7F4F2F0EEED75706483
:10CFD00061746120666C6173682E2E2E2E000C0B1E
:10CFE0000B0B0B0B0B0B0A0A0B0B0B0A090909099C
:10CFF00008070706060504030201EDFEFFFFFE0217
:10D0000005070B0E1012170028D0010800000020A1
:10D010000801000002A8000830D101080801002022
:10D02000B82E000012A80008140A0C081600000010
:10D030000200E8030100FFFF320000005000000082
:10D040002C01000000100140400000000000000022
:10D050000000000001320F0A0010014080000000B3
:10D06000000000000000000001320F0A0010014023
:10D0700000010000000000000000000001320F0A63
:10D080000010014008000000000000000000000047
:10D0900001320F0A001001400400000000000000EF
:10D0A0000000000001320F0A0010014002000000E1
:10D0B000000000000000000001320F0A001C0140C7
:10D0C00040000000001C01408000000000080140FA
:10D0D0000010000405002C012C0132000F0000009C
:10D0E000000000000000000000010000000000003F
:10D0F000000000000008014000010000000801409D
:10D1000000080000001001400002000405002C018E
:10D110002C0132000F0000000000000000000000A1
:10D1200000010000000000000000000003000000FB
:04000005080021715D
:00000001FF
